	time	V(na)	V(nt)	V(t)	I(Rgnd)	I(Rrad)	power
0	1970-01-01 00:00:00.000	4.6015045712285715e-05	4.636542779714286e-05	-26.295	6.390978843885714e-06	1.2478975714285713e-11	1.926959112268887e-21
1	1970-01-01 00:00:00.001	0.000382549075	0.00038325225	-26.295	5.313182e-05	3.2053179e-13	1.5514595552837901e-24
2	1970-01-01 00:00:00.002	0.0006306771666666666	0.0006313909	-26.295	8.759405333333333e-05	-5.5024188e-14	4.238132860883287e-26
3	1970-01-01 00:00:00.003						
4	1970-01-01 00:00:00.004						
5	1970-01-01 00:00:00.005						
6	1970-01-01 00:00:00.006						
7	1970-01-01 00:00:00.007						
8	1970-01-01 00:00:00.008						
9	1970-01-01 00:00:00.009						
10	1970-01-01 00:00:00.010	0.003146066	0.003146778	-26.295	0.0004369536	5.296169e-16	2.3945777967560123e-30
11	1970-01-01 00:00:00.011						
12	1970-01-01 00:00:00.012						
13	1970-01-01 00:00:00.013						
14	1970-01-01 00:00:00.014						
15	1970-01-01 00:00:00.015						
16	1970-01-01 00:00:00.016						
17	1970-01-01 00:00:00.017						
18	1970-01-01 00:00:00.018						
19	1970-01-01 00:00:00.019						
20	1970-01-01 00:00:00.020	0.006465054	0.006465767	-26.295	0.0008979241	1.067311e-15	9.724947203645177e-30
21	1970-01-01 00:00:00.021						
22	1970-01-01 00:00:00.022						
23	1970-01-01 00:00:00.023						
24	1970-01-01 00:00:00.024						
25	1970-01-01 00:00:00.025						
26	1970-01-01 00:00:00.026						
27	1970-01-01 00:00:00.027						
28	1970-01-01 00:00:00.028						
29	1970-01-01 00:00:00.029						
30	1970-01-01 00:00:00.030	0.009784042	0.009784756	-26.295	0.001358895	1.612041e-15	2.21848985971587e-29
31	1970-01-01 00:00:00.031						
32	1970-01-01 00:00:00.032						
33	1970-01-01 00:00:00.033						
34	1970-01-01 00:00:00.034						
35	1970-01-01 00:00:00.035						
36	1970-01-01 00:00:00.036						
37	1970-01-01 00:00:00.037						
38	1970-01-01 00:00:00.038						
39	1970-01-01 00:00:00.039						
40	1970-01-01 00:00:00.040	0.01310303	0.01310375	-26.295	0.001819865	2.168201e-15	4.013325293573534e-29
41	1970-01-01 00:00:00.041						
42	1970-01-01 00:00:00.042						
43	1970-01-01 00:00:00.043						
44	1970-01-01 00:00:00.044						
45	1970-01-01 00:00:00.045						
46	1970-01-01 00:00:00.046						
47	1970-01-01 00:00:00.047						
48	1970-01-01 00:00:00.048						
49	1970-01-01 00:00:00.049						
50	1970-01-01 00:00:00.050	0.01642202	0.01642274	-26.295	0.002280836	2.740058e-15	6.409509462879847e-29
51	1970-01-01 00:00:00.051						
52	1970-01-01 00:00:00.052						
53	1970-01-01 00:00:00.053						
54	1970-01-01 00:00:00.054						
55	1970-01-01 00:00:00.055						
56	1970-01-01 00:00:00.056						
57	1970-01-01 00:00:00.057						
58	1970-01-01 00:00:00.058						
59	1970-01-01 00:00:00.059						
60	1970-01-01 00:00:00.060						
61	1970-01-01 00:00:00.061	0.019741	0.01974173	-26.295	0.002741806	3.331982e-15	9.477866226054201e-29
62	1970-01-01 00:00:00.062						
63	1970-01-01 00:00:00.063						
64	1970-01-01 00:00:00.064						
65	1970-01-01 00:00:00.065						
66	1970-01-01 00:00:00.066						
67	1970-01-01 00:00:00.067						
68	1970-01-01 00:00:00.068						
69	1970-01-01 00:00:00.069						
70	1970-01-01 00:00:00.070						
71	1970-01-01 00:00:00.071	0.02305999	0.02306072	-26.295	0.003202777	3.949712e-15	1.3317911982569292e-28
72	1970-01-01 00:00:00.072						
73	1970-01-01 00:00:00.073						
74	1970-01-01 00:00:00.074						
75	1970-01-01 00:00:00.075						
76	1970-01-01 00:00:00.076						
77	1970-01-01 00:00:00.077						
78	1970-01-01 00:00:00.078						
79	1970-01-01 00:00:00.079						
80	1970-01-01 00:00:00.080						
81	1970-01-01 00:00:00.081	0.02637898	0.02637971	-26.295	0.003663747	4.596499e-15	1.8036805469761753e-28
82	1970-01-01 00:00:00.082						
83	1970-01-01 00:00:00.083						
84	1970-01-01 00:00:00.084						
85	1970-01-01 00:00:00.085						
86	1970-01-01 00:00:00.086						
87	1970-01-01 00:00:00.087						
88	1970-01-01 00:00:00.088						
89	1970-01-01 00:00:00.089						
90	1970-01-01 00:00:00.090						
91	1970-01-01 00:00:00.091	0.02969797	0.0296987	-26.295	0.004124718	5.284333e-15	2.383886841509874e-28
92	1970-01-01 00:00:00.092						
93	1970-01-01 00:00:00.093						
94	1970-01-01 00:00:00.094						
95	1970-01-01 00:00:00.095						
96	1970-01-01 00:00:00.096						
97	1970-01-01 00:00:00.097						
98	1970-01-01 00:00:00.098						
99	1970-01-01 00:00:00.099						
100	1970-01-01 00:00:00.100						
101	1970-01-01 00:00:00.101						
102	1970-01-01 00:00:00.102	0.03301695	0.03301769	-26.295	0.004585688	6.014941e-15	3.088645215482273e-28
103	1970-01-01 00:00:00.103						
104	1970-01-01 00:00:00.104						
105	1970-01-01 00:00:00.105						
106	1970-01-01 00:00:00.106						
107	1970-01-01 00:00:00.107						
108	1970-01-01 00:00:00.108						
109	1970-01-01 00:00:00.109						
110	1970-01-01 00:00:00.110						
111	1970-01-01 00:00:00.111						
112	1970-01-01 00:00:00.112	0.03633594	0.03633669	-26.295	0.005046659	6.800514e-15	3.948105593002413e-28
113	1970-01-01 00:00:00.113						
114	1970-01-01 00:00:00.114						
115	1970-01-01 00:00:00.115						
116	1970-01-01 00:00:00.116						
117	1970-01-01 00:00:00.117						
118	1970-01-01 00:00:00.118						
119	1970-01-01 00:00:00.119						
120	1970-01-01 00:00:00.120						
121	1970-01-01 00:00:00.121						
122	1970-01-01 00:00:00.122	0.03965493	0.03965568	-26.295	0.005507629	7.650097e-15	4.996192523420247e-28
123	1970-01-01 00:00:00.123						
124	1970-01-01 00:00:00.124						
125	1970-01-01 00:00:00.125						
126	1970-01-01 00:00:00.126						
127	1970-01-01 00:00:00.127						
128	1970-01-01 00:00:00.128						
129	1970-01-01 00:00:00.129						
130	1970-01-01 00:00:00.130						
131	1970-01-01 00:00:00.131						
132	1970-01-01 00:00:00.132	0.04297392	0.04297468	-26.295	0.0059686	8.585632e-15	6.292885369781628e-28
133	1970-01-01 00:00:00.133						
134	1970-01-01 00:00:00.134						
135	1970-01-01 00:00:00.135						
136	1970-01-01 00:00:00.136						
137	1970-01-01 00:00:00.137						
138	1970-01-01 00:00:00.138						
139	1970-01-01 00:00:00.139						
140	1970-01-01 00:00:00.140						
141	1970-01-01 00:00:00.141						
142	1970-01-01 00:00:00.142						
143	1970-01-01 00:00:00.143	0.0462929	0.04629367	-26.295	0.00642957	9.615045e-15	7.892378843352375e-28
144	1970-01-01 00:00:00.144						
145	1970-01-01 00:00:00.145						
146	1970-01-01 00:00:00.146						
147	1970-01-01 00:00:00.147						
148	1970-01-01 00:00:00.148						
149	1970-01-01 00:00:00.149						
150	1970-01-01 00:00:00.150						
151	1970-01-01 00:00:00.151						
152	1970-01-01 00:00:00.152						
153	1970-01-01 00:00:00.153	0.04961189	0.04961267	-26.295	0.00689054	1.076597e-14	9.894904614191633e-28
154	1970-01-01 00:00:00.154						
155	1970-01-01 00:00:00.155						
156	1970-01-01 00:00:00.156						
157	1970-01-01 00:00:00.157						
158	1970-01-01 00:00:00.158						
159	1970-01-01 00:00:00.159						
160	1970-01-01 00:00:00.160						
161	1970-01-01 00:00:00.161						
162	1970-01-01 00:00:00.162						
163	1970-01-01 00:00:00.163	0.05293088	0.05293167	-26.295	0.007351511	1.207093e-14	1.2439036560410515e-27
164	1970-01-01 00:00:00.164						
165	1970-01-01 00:00:00.165						
166	1970-01-01 00:00:00.166						
167	1970-01-01 00:00:00.167						
168	1970-01-01 00:00:00.168						
169	1970-01-01 00:00:00.169						
170	1970-01-01 00:00:00.170						
171	1970-01-01 00:00:00.171						
172	1970-01-01 00:00:00.172						
173	1970-01-01 00:00:00.173	0.05624986	0.05625067	-26.295	0.007812481	1.356994e-14	1.5720311096799335e-27
174	1970-01-01 00:00:00.174						
175	1970-01-01 00:00:00.175						
176	1970-01-01 00:00:00.176						
177	1970-01-01 00:00:00.177						
178	1970-01-01 00:00:00.178						
179	1970-01-01 00:00:00.179						
180	1970-01-01 00:00:00.180						
181	1970-01-01 00:00:00.181						
182	1970-01-01 00:00:00.182						
183	1970-01-01 00:00:00.183						
184	1970-01-01 00:00:00.184	0.05956885	0.05956966	-26.295	0.008273452	1.533656e-14	2.007988390073043e-27
185	1970-01-01 00:00:00.185						
186	1970-01-01 00:00:00.186						
187	1970-01-01 00:00:00.187						
188	1970-01-01 00:00:00.188						
189	1970-01-01 00:00:00.189						
190	1970-01-01 00:00:00.190						
191	1970-01-01 00:00:00.191						
192	1970-01-01 00:00:00.192						
193	1970-01-01 00:00:00.193						
194	1970-01-01 00:00:00.194	0.06288784	0.06288867	-26.295	0.008734422	1.746143e-14	2.6029444268745115e-27
195	1970-01-01 00:00:00.195						
196	1970-01-01 00:00:00.196						
197	1970-01-01 00:00:00.197						
198	1970-01-01 00:00:00.198						
199	1970-01-01 00:00:00.199						
200	1970-01-01 00:00:00.200						
201	1970-01-01 00:00:00.201						
202	1970-01-01 00:00:00.202						
203	1970-01-01 00:00:00.203						
204	1970-01-01 00:00:00.204	0.06620682	0.06620767	-26.295	0.009195392	2.011158e-14	3.4530086248729666e-27
205	1970-01-01 00:00:00.205						
206	1970-01-01 00:00:00.206						
207	1970-01-01 00:00:00.207						
208	1970-01-01 00:00:00.208						
209	1970-01-01 00:00:00.209						
210	1970-01-01 00:00:00.210						
211	1970-01-01 00:00:00.211						
212	1970-01-01 00:00:00.212						
213	1970-01-01 00:00:00.213						
214	1970-01-01 00:00:00.214	0.06952581	0.06952668	-26.295	0.009656362	2.358956e-14	4.7505616900623635e-27
215	1970-01-01 00:00:00.215						
216	1970-01-01 00:00:00.216						
217	1970-01-01 00:00:00.217						
218	1970-01-01 00:00:00.218						
219	1970-01-01 00:00:00.219						
220	1970-01-01 00:00:00.220						
221	1970-01-01 00:00:00.221						
222	1970-01-01 00:00:00.222						
223	1970-01-01 00:00:00.223						
224	1970-01-01 00:00:00.224						
225	1970-01-01 00:00:00.225	0.0728448	0.07284569	-26.295	0.01011733	2.853546e-14	6.951444139662831e-27
226	1970-01-01 00:00:00.226						
227	1970-01-01 00:00:00.227						
228	1970-01-01 00:00:00.228						
229	1970-01-01 00:00:00.229						
230	1970-01-01 00:00:00.230						
231	1970-01-01 00:00:00.231						
232	1970-01-01 00:00:00.232						
233	1970-01-01 00:00:00.233						
234	1970-01-01 00:00:00.234						
235	1970-01-01 00:00:00.235	0.07616378	0.0761647	-26.295	0.0105783	3.650377e-14	1.1375767839105526e-26
236	1970-01-01 00:00:00.236						
237	1970-01-01 00:00:00.237						
238	1970-01-01 00:00:00.238						
239	1970-01-01 00:00:00.239						
240	1970-01-01 00:00:00.240						
241	1970-01-01 00:00:00.241						
242	1970-01-01 00:00:00.242						
243	1970-01-01 00:00:00.243						
244	1970-01-01 00:00:00.244						
245	1970-01-01 00:00:00.245	0.07948276	0.07948373	-26.295	0.01103927	5.267691e-14	2.368895290410333e-26
246	1970-01-01 00:00:00.246						
247	1970-01-01 00:00:00.247						
248	1970-01-01 00:00:00.248						
249	1970-01-01 00:00:00.249						
250	1970-01-01 00:00:00.250						
251	1970-01-01 00:00:00.251						
252	1970-01-01 00:00:00.252						
253	1970-01-01 00:00:00.253						
254	1970-01-01 00:00:00.254						
255	1970-01-01 00:00:00.255	0.08280174	0.08280278	-26.295	0.01150024	1.072521e-13	9.820122159179818e-26
256	1970-01-01 00:00:00.256						
257	1970-01-01 00:00:00.257						
258	1970-01-01 00:00:00.258						
259	1970-01-01 00:00:00.259						
260	1970-01-01 00:00:00.260						
261	1970-01-01 00:00:00.261						
262	1970-01-01 00:00:00.262						
263	1970-01-01 00:00:00.263						
264	1970-01-01 00:00:00.264						
265	1970-01-01 00:00:00.265						
266	1970-01-01 00:00:00.266	0.08501189140969163	0.23993942918187539	-26.04859630585274	0.011807207205789805	2.794346965826113e-05	2.5692810979981164e-07
267	1970-01-01 00:00:00.267	0.06943959188284195	0.28231059934424535	-18.997276173645893	0.009644387768394692	1.4141038757216399e-05	2.1862585058270663e-07
268	1970-01-01 00:00:00.268	0.0656782845518997	0.26342641422314683	-14.594480228293001	0.009121983947306471	1.9496758085215155e-05	2.2899136767470078e-07
269	1970-01-01 00:00:00.269	0.06595469540481401	0.2638718193107221	-13.681095830962802	0.009160374341712255	1.941519109493709e-05	2.2902349505789303e-07
270	1970-01-01 00:00:00.270	0.06621997277521748	0.2647386888004145	-13.389628015325462	0.00919721842434076	1.95526518634665e-05	2.2899648162700636e-07
271	1970-01-01 00:00:00.271	0.06647340953743716	0.26566848743035737	-13.246677244734338	0.009232417981301807	1.9688146459159665e-05	2.2897472001155934e-07
272	1970-01-01 00:00:00.272	0.06672411816305525	0.2666105458938245	-13.139728771397616	0.009267238625514627	1.9876087659539543e-05	2.2883996823643812e-07
273	1970-01-01 00:00:00.273	0.06697413999703113	0.26755536038433514	-13.041210536827615	0.00930196388281018	1.9921522675773933e-05	2.2864788043817704e-07
274	1970-01-01 00:00:00.274	0.06722411728994084	0.26850021179397526	-12.944593496234535	0.00933668295718128	2.0037438278152233e-05	2.2847493639240992e-07
275	1970-01-01 00:00:00.275	0.06747398001822567	0.2694503702144197	-12.848053133208255	0.009371386116349504	2.0208635845389975e-05	2.2834105359655657e-07
276	1970-01-01 00:00:00.276	0.06772322206986806	0.27040744534479993	-12.75045533198013	0.0094060030763581	2.04632038114417e-05	2.2818925676386718e-07
277	1970-01-01 00:00:00.277	0.06797393103551083	0.2713420387078741	-12.65374849997338	0.009440823752675291	2.036299459103977e-05	2.278791879059828e-07
278	1970-01-01 00:00:00.278	0.0682247708760712	0.27227646700803904	-12.557293737497014	0.00947566262505638	2.026038100034491e-05	2.275501667669182e-07
279	1970-01-01 00:00:00.279	0.0684757028780707	0.27321291841764284	-12.46052958166962	0.009510514289525873	2.01579969834466e-05	2.272173961370744e-07
280	1970-01-01 00:00:00.280	0.06872690071854234	0.2741210685977218	-12.363698894367683	0.009545402876067926	1.9875246667073982e-05	2.2683504647445358e-07
281	1970-01-01 00:00:00.281	0.06898141701922825	0.274991317991951	-12.269455821343083	0.009580752377909884	1.882940394190283e-05	2.2620567798789672e-07
282	1970-01-01 00:00:00.282	0.06923350888801531	0.2759330526875803	-12.17385653300836	0.009615765136121814	1.862155174427649e-05	2.2592002066317846e-07
283	1970-01-01 00:00:00.283	0.06948500867590997	0.27686392887095934	-12.076734032586558	0.009650695664133898	1.854351995950572e-05	2.2568486184562645e-07
284	1970-01-01 00:00:00.284	0.06973616230198793	0.27780481376977517	-11.97869064009159	0.009685578110012489	1.85936459100307e-05	2.2547149432626143e-07
285	1970-01-01 00:00:00.285	0.06998591561272921	0.2787401567808699	-11.878567968721633	0.009720266078325596	1.8942062171512566e-05	2.2529317875013795e-07
286	1970-01-01 00:00:00.286	0.07023648318325149	0.2796910228482812	-11.778348361850608	0.00975506712894805	1.9157119271858618e-05	2.2497423638888566e-07
287	1970-01-01 00:00:00.287	0.07048701946565672	0.28063388989539856	-11.677727019374453	0.009789863835136806	1.9342784680914103e-05	2.2478526488086695e-07
288	1970-01-01 00:00:00.288	0.07073980963987435	0.2815164985901463	-11.578226613541746	0.009824973569177331	1.8865080514640002e-05	2.2408456512704567e-07
289	1970-01-01 00:00:00.289	0.07099290065852794	0.2824114467782787	-11.480548288840485	0.00986012509966567	1.8521197439592725e-05	2.2324842895067387e-07
290	1970-01-01 00:00:00.290	0.07124465154118599	0.283339204811779	-11.381055037947784	0.009895090491322606	1.8468217607670513e-05	2.2358723045319946e-07
291	1970-01-01 00:00:00.291	0.0714969045020122	0.2842781133184844	-11.281222745450405	0.009930125638158396	1.8441230634010986e-05	2.242219332859908e-07
292	1970-01-01 00:00:00.292	0.0717484458885466	0.2852203032976467	-11.180287427785073	0.009965061934526816	1.8621441311238766e-05	2.245053253490204e-07
293	1970-01-01 00:00:00.293	0.07200005533643918	0.2861479564014102	-11.07875374490053	0.010000007702971544	1.875909293000025e-05	2.244860376911464e-07
294	1970-01-01 00:00:00.294	0.07225234175247898	0.2870689871695745	-10.977342703150496	0.010035047495920673	1.8715460784263084e-05	2.244222015392734e-07
295	1970-01-01 00:00:00.295	0.07250465085611979	0.2879985070638021	-10.875781079977966	0.010070090420422676	1.8670547854872795e-05	2.2429891407969984e-07
296	1970-01-01 00:00:00.296	0.07275766307486699	0.28887536075541453	-10.774373680147885	0.010105231019709724	1.850272784337139e-05	2.242520293698693e-07
297	1970-01-01 00:00:00.297	0.07301032238643156	0.2897839194535764	-10.672608706664674	0.010140322565252042	1.841161359688185e-05	2.2409187331749194e-07
298	1970-01-01 00:00:00.298	0.07326292219882809	0.2906838381418214	-10.570307287714767	0.010175405867762439	1.840571495910716e-05	2.2393739111434833e-07
299	1970-01-01 00:00:00.299	0.07351567990073028	0.2915958497536824	-10.467730853570986	0.010210511128605024	1.8343323765802698e-05	2.2384760396429846e-07
300	1970-01-01 00:00:00.300	0.07376796698525961	0.2925166575566035	-10.364294104096196	0.010245550977506727	1.8449848736920076e-05	2.2381144234581394e-07
301	1970-01-01 00:00:00.301	0.07402070188958929	0.29344647427853837	-10.260725904904955	0.010280653044912835	1.8502988230751503e-05	2.237450491412544e-07
302	1970-01-01 00:00:00.302	0.07427397847931365	0.29431784368101477	-10.157306752378377	0.01031583034169965	1.8340910586912165e-05	2.2382957056098742e-07
303	1970-01-01 00:00:00.303	0.07452758666200707	0.29521037807043354	-10.054071056258582	0.010351053744359427	1.82456673080979e-05	2.2384285858994168e-07
304	1970-01-01 00:00:00.304	0.07478073041785863	0.29611448535661017	-9.950054228660848	0.010386212589060858	1.8268368528179173e-05	2.2379245579492e-07
305	1970-01-01 00:00:00.305	0.07503398479021917	0.29701751186767106	-9.845630409517542	0.010421386826836344	1.8233808036202737e-05	2.2369667092818555e-07
306	1970-01-01 00:00:00.306	0.07528735547993486	0.2979207926034856	-9.740776334872754	0.010456577174594686	1.8212467101115675e-05	2.236309377148104e-07
307	1970-01-01 00:00:00.307	0.07554083932407542	0.29882405381949495	-9.635683505937667	0.010491783280984926	1.8200833219378607e-05	2.2357218905740118e-07
308	1970-01-01 00:00:00.308	0.0757944246609637	0.29972677761828814	-9.530366659006331	0.010527003451742303	1.8188643232444057e-05	2.235207831195119e-07
309	1970-01-01 00:00:00.309	0.0760481168011951	0.30062634943979955	-9.424784590632003	0.010562238472158638	1.8150700136616632e-05	2.2343759790667514e-07
310	1970-01-01 00:00:00.310	0.07630096488186708	0.3015355630546485	-9.318237227429888	0.010597356267287745	1.8625401995308036e-05	2.2410302351329366e-07
311	1970-01-01 00:00:00.311	0.07655267151421523	0.3023180282077076	-9.209677609973413	0.010632315530885488	1.9566336900018444e-05	2.2656394554518987e-07
312	1970-01-01 00:00:00.312	0.07680635476307619	0.3032218223859565	-9.102040160544542	0.010667549293288751	1.9570510939548602e-05	2.263814935905721e-07
313	1970-01-01 00:00:00.313	0.07706056701779038	0.3041251930076925	-8.99510612400867	0.010702856538379098	1.948464529321251e-05	2.2607963686450152e-07
314	1970-01-01 00:00:00.314	0.07731486368487295	0.3050325454690097	-8.888096960721919	0.010738175526953218	1.948600640480171e-05	2.2585616798758653e-07
315	1970-01-01 00:00:00.315	0.07756917523479126	0.3059223630325132	-8.780772781524545	0.010773496577470459	1.9534153159984844e-05	2.2597228868990224e-07
316	1970-01-01 00:00:00.316	0.07782372378828308	0.30688397460152544	-8.673223002408557	0.010808850536258236	1.9248302475193275e-05	2.2492387375521937e-07
317	1970-01-01 00:00:00.317	0.07807956244836924	0.30794451657835864	-8.566676211374073	0.010844383614035088	1.8371910329471327e-05	2.219364918600214e-07
318	1970-01-01 00:00:00.318	0.07833520738817891	0.30880614148421354	-8.460052983109378	0.01087988988324563	1.8014243638969413e-05	2.2165187399774546e-07
319	1970-01-01 00:00:00.319	0.07859144068978444	0.30966197700796627	-8.353532234653233	0.01091547789995314	1.7747062301061033e-05	2.2141560560591049e-07
320	1970-01-01 00:00:00.320	0.0788464307366233	0.31057919053646915	-8.245529967372772	0.01095089317560782	1.788098961653091e-05	2.2126975917169222e-07
321	1970-01-01 00:00:00.321	0.07910115128000558	0.31153864865556385	-8.136360327921475	0.010986271011350949	1.7839067263234973e-05	2.207246176585669e-07
322	1970-01-01 00:00:00.322	0.07935531031045372	0.3125125533738912	-8.026242193284725	0.011021570878883575	1.8011458269802166e-05	2.189219383220854e-07
323	1970-01-01 00:00:00.323	0.07960802047685217	0.3135341775562195	-7.913381793255981	0.011056669519442322	1.8528240864446375e-05	2.1727842470489743e-07
324	1970-01-01 00:00:00.324	0.07986339869436682	0.3144045260526133	-7.8022978792757	0.011092138725084879	1.8464175137099567e-05	2.1727184923134198e-07
325	1970-01-01 00:00:00.325	0.0801193369450843	0.31527392543766697	-7.692458585298995	0.01112768567907491	1.8351058856053624e-05	2.1732669807493059e-07
326	1970-01-01 00:00:00.326	0.08037514776062486	0.316123653606708	-7.582530930783369	0.011163214944406157	1.8534570446129104e-05	2.1776250970653023e-07
327	1970-01-01 00:00:00.327	0.08063055448033354	0.3170333004398323	-7.47166073468032	0.011198688122007652	1.8738502693716354e-05	2.1819896819164988e-07
328	1970-01-01 00:00:00.328	0.08088637895395864	0.31785588777790474	-7.3604877336456065	0.011234219276590884	1.883958535139952e-05	2.1900932832065928e-07
329	1970-01-01 00:00:00.329	0.08114256718801276	0.3187169730264357	-7.249622235095715	0.011269800999088423	1.897190644314038e-05	2.1962360010770605e-07
330	1970-01-01 00:00:00.330	0.08139863384209808	0.3195981201468115	-7.138227987296032	0.011305365825644289	1.9067457413403936e-05	2.1981463818908144e-07
331	1970-01-01 00:00:00.331	0.08165450697293868	0.32045962932097366	-7.026059824577308	0.011340903753909615	1.9278528970667694e-05	2.204586982053625e-07
332	1970-01-01 00:00:00.332	0.0819116219726907	0.3212784868562644	-6.914609266921373	0.011376614163087218	1.89378188962357e-05	2.196390177370923e-07
333	1970-01-01 00:00:00.333	0.08216808228487048	0.32219541299682125	-6.802690689023153	0.011412233644971482	1.8957356031825866e-05	2.1920832075079037e-07
334	1970-01-01 00:00:00.334	0.0824268342633243	0.3230737172941097	-6.692375436018745	0.01144817145631068	1.847757886390677e-05	2.1987205085719578e-07
335	1970-01-01 00:00:00.335	0.082684507549094	0.32398311807328395	-6.581735937048112	0.011483959404177452	1.8478557970057105e-05	2.20161035770827e-07
336	1970-01-01 00:00:00.336	0.08294180109779728	0.3248228286687899	-6.470393400231631	0.011519694628833604	1.8524486070996682e-05	2.204309644722382e-07
337	1970-01-01 00:00:00.337	0.08319863222838753	0.3256984062412607	-6.357039593896349	0.011555365582954167	1.8585459284758628e-05	2.2074447614512932e-07
338	1970-01-01 00:00:00.338	0.08345609444333821	0.3265993166312669	-6.244175815323687	0.011591124206380813	1.8507278635004335e-05	2.2011423641371513e-07
339	1970-01-01 00:00:00.339	0.08371362965147335	0.32748277648383184	-6.130763215141816	0.011626893033881472	1.8486229435231917e-05	2.1981171700603764e-07
340	1970-01-01 00:00:00.340	0.0839714406369637	0.32836179591639164	-6.017318492079208	0.011662700110011	1.8417347394018527e-05	2.197586467104956e-07
341	1970-01-01 00:00:00.341	0.08422967022275869	0.3292187459585208	-5.9040089414462855	0.011698565317897508	1.8294052381734643e-05	2.1990349369226306e-07
342	1970-01-01 00:00:00.342	0.08448788799377302	0.33004855779468517	-5.790575968843185	0.011734428905455183	1.8243114817520764e-05	2.1997529390391387e-07
343	1970-01-01 00:00:00.343	0.08474500388692426	0.3309933698166339	-5.675203862104344	0.01177013943527614	1.854489992260421e-05	2.1936839440300794e-07
344	1970-01-01 00:00:00.344	0.08500298522709492	0.33190122300286856	-5.559939620588491	0.011805970165811891	1.8591248037924068e-05	2.1903590598935672e-07
345	1970-01-01 00:00:00.345	0.08526154343101766	0.33276751700444346	-5.445021682453668	0.01184188104887829	1.852918061079369e-05	2.1893885736807847e-07
346	1970-01-01 00:00:00.346	0.08552013695649352	0.33361312997209186	-5.329997345304285	0.011877796826038985	1.8491730664139625e-05	2.1895724888287498e-07
347	1970-01-01 00:00:00.347	0.08577914308201887	0.33447042540405236	-5.215136030123212	0.011913769929439183	1.846517073211283e-05	2.1906521232115147e-07
348	1970-01-01 00:00:00.348	0.08603799413966805	0.33532772727272725	-5.099778386670398	0.011949721459970293	1.844456396176217e-05	2.189934231914434e-07
349	1970-01-01 00:00:00.349	0.08629707825559421	0.33618590624275224	-4.984198302667182	0.011985705347893312	1.8477041114200233e-05	2.1898899876716454e-07
350	1970-01-01 00:00:00.350	0.08655597871141084	0.33705806654891884	-4.8679884690430315	0.012021663753157781	1.8536107418713552e-05	2.1895362704573032e-07
351	1970-01-01 00:00:00.351	0.08681521844307286	0.3379220736796019	-4.751614007987527	0.012057669270016873	1.8560657379050255e-05	2.188149066329691e-07
352	1970-01-01 00:00:00.352	0.08707453654710431	0.33879364529169953	-4.635043893544059	0.012093685670408316	1.863926240368779e-05	2.1869604248877452e-07
353	1970-01-01 00:00:00.353	0.08733394921579876	0.3396476093207555	-4.518038218858224	0.012129715205345571	1.869379544002826e-05	2.1865026043625813e-07
354	1970-01-01 00:00:00.354	0.08759376602953013	0.34051246391560397	-4.401122381434564	0.012165800883150446	1.869960162001714e-05	2.18685605327759e-07
355	1970-01-01 00:00:00.355	0.08785375233575717	0.3413593006616217	-4.284157477551366	0.012201910089625434	1.8679156041410674e-05	2.1867182337997724e-07
356	1970-01-01 00:00:00.356	0.08811410768390647	0.3421956651479053	-4.167204649665816	0.012238070560627465	1.861263043401961e-05	2.187487290054458e-07
357	1970-01-01 00:00:00.357	0.08837463875170862	0.3430339968582424	-4.050209998023258	0.01227425542636637	1.853959795243518e-05	2.189408583213056e-07
358	1970-01-01 00:00:00.358	0.08863540394446541	0.3438760812444948	-3.9331785493267897	0.01231047281070425	1.8433926276566545e-05	2.1886689722533903e-07
359	1970-01-01 00:00:00.359	0.08889606849791784	0.3447126539268002	-3.8156296133676526	0.012346676219473916	1.8361532653518236e-05	2.1862110513133055e-07
360	1970-01-01 00:00:00.360	0.08915679430132235	0.34554669286594664	-3.6975775040631724	0.012382888133656436	1.8375586855472122e-05	2.1854017720402202e-07
361	1970-01-01 00:00:00.361	0.08941693255118276	0.3463086439878585	-3.5785182429976974	0.01241901843604773	1.8476951854720305e-05	2.180749749816693e-07
362	1970-01-01 00:00:00.362	0.08967780101078505	0.3471375469024329	-3.4584620382284093	0.012455250161984784	1.8524259901881532e-05	2.1788522682097884e-07
363	1970-01-01 00:00:00.363	0.08993987190042527	0.34807454743076444	-3.340706737350897	0.012491648911938595	1.83916884200677e-05	2.180889616461721e-07
364	1970-01-01 00:00:00.364	0.09020136694946819	0.34892390822124736	-3.2224275147539623	0.012527967671646732	1.83742967132204e-05	2.1795515666090786e-07
365	1970-01-01 00:00:00.365	0.09046300541831766	0.3497620923456332	-3.1034407486379396	0.012564306341835894	1.835203621647608e-05	2.1787102842202247e-07
366	1970-01-01 00:00:00.366	0.09072488448715309	0.35058786073457954	-2.9843351680597876	0.012600678433459607	1.8315802695177572e-05	2.1778647632064977e-07
367	1970-01-01 00:00:00.367	0.09098650561063291	0.3514296222765464	-2.864474818525442	0.012637014711888083	1.8397300639760472e-05	2.1759643920169947e-07
368	1970-01-01 00:00:00.368	0.09124852865278175	0.3522639883153622	-2.7444158276618422	0.012673406771145096	1.8411341635115207e-05	2.1749236524307185e-07
369	1970-01-01 00:00:00.369	0.0915108188791816	0.35308192364808183	-2.624376102056266	0.01270983597606138	1.8405103155018372e-05	2.1747863240911075e-07
370	1970-01-01 00:00:00.370	0.09177323981957711	0.3539274332414891	-2.5040910653930935	0.01274628332414891	1.8438856452300798e-05	2.1730114222374138e-07
371	1970-01-01 00:00:00.371	0.09203597895717894	0.35474397112940026	-2.3837732746699807	0.012782774881641134	1.836631204371001e-05	2.17131637184794e-07
372	1970-01-01 00:00:00.372	0.09229870857479627	0.3555714790761477	-2.2631830631617453	0.012819265129961184	1.842989699645788e-05	2.171192991182731e-07
373	1970-01-01 00:00:00.373	0.09256153514141477	0.3564116730288101	-2.1421318766295645	0.012855768795085458	1.846516494601539e-05	2.1697299620920783e-07
374	1970-01-01 00:00:00.374	0.09282486280335067	0.3572360613277219	-2.0212410946725208	0.012892342088905976	1.8423269168899297e-05	2.1689372186185166e-07
375	1970-01-01 00:00:00.375	0.09308830435897952	0.35807328422274254	-1.9003528308238808	0.012928931185161266	1.8404616594772817e-05	2.1681049507856298e-07
376	1970-01-01 00:00:00.376	0.09335196418984512	0.3588934225957181	-1.779244401663612	0.012965550617510221	1.8339067975019637e-05	2.1669362868851774e-07
377	1970-01-01 00:00:00.377	0.09361568027976526	0.3597155651740494	-1.6578151271605435	0.013002177853324222	1.8349068108163217e-05	2.164951871242267e-07
378	1970-01-01 00:00:00.378	0.09387968260283859	0.3605326098308075	-1.5362358852337423	0.013038844833213055	1.831362566684456e-05	2.1642255768586662e-07
379	1970-01-01 00:00:00.379	0.09414381489772228	0.36132440415115485	-1.414540779192186	0.013075529881109643	1.8305515059542273e-05	2.1643215061968237e-07
380	1970-01-01 00:00:00.380	0.09440816439107685	0.36213998815905096	-1.2925619190765298	0.013112245080883527	1.8293300999739455e-05	2.1636458132645858e-07
381	1970-01-01 00:00:00.381	0.09467281462717202	0.36294553189662043	-1.1705281358799617	0.01314900205942133	1.8228048132233122e-05	2.1631878854644342e-07
382	1970-01-01 00:00:00.382	0.09493783391435788	0.36373050625310765	-1.048700498132421	0.01318581029018079	1.8104262554744366e-05	2.1630766445582758e-07
383	1970-01-01 00:00:00.383	0.0952027393674077	0.3645244468936085	-0.9264436876061929	0.013222602717348155	1.8070589413256536e-05	2.161380500709862e-07
384	1970-01-01 00:00:00.384	0.09546806510714215	0.3652992548714492	-0.8041618442285964	0.013259453503677127	1.796870640079414e-05	2.161523666741989e-07
385	1970-01-01 00:00:00.385	0.0957333237507429	0.36608048200007925	-0.6814558147450375	0.013296294981179919	1.7885281546447356e-05	2.1597886923172792e-07
386	1970-01-01 00:00:00.386	0.09599949208029998	0.36664424880627083	-0.5593923665057742	0.013333262831042943	1.7408522627200855e-05	2.1631644979824126e-07
387	1970-01-01 00:00:00.387	0.09626574706636246	0.3675663680805476	-0.4365355083424263	0.013370242648745164	1.7602841365542644e-05	2.1580931313328007e-07
388	1970-01-01 00:00:00.388	0.09653011540342012	0.3686892035435153	-0.31221559521067166	0.013406960506552271	1.7980678526451392e-05	2.1484929625315404e-07
389	1970-01-01 00:00:00.389	0.09679620158832462	0.369636674554093	-0.18799490211854508	0.013443916913116286	1.7979870119998248e-05	2.1431395302153643e-07
390	1970-01-01 00:00:00.390	0.09706257946411984	0.3705754113059297	-0.06404690474854853	0.013480913860891779	1.8090634762262837e-05	2.137904863917465e-07
391	1970-01-01 00:00:00.391	0.09732899056204047	0.3720281814901842	0.05909430258257855	0.01351791546122944	1.815299092414538e-05	2.122673295840288e-07
392	1970-01-01 00:00:00.392	0.09759570386413495	0.3728229859614948	0.18251856015772752	0.013554958957371965	1.8146042037181328e-05	2.1215275807220607e-07
393	1970-01-01 00:00:00.393	0.09786259584544528	0.37361134498471066	0.3064670767243007	0.013592027268111291	1.808961686401903e-05	2.1205173768564172e-07
394	1970-01-01 00:00:00.394	0.09812970658603214	0.3744031160044462	0.4306427076150643	0.013629126007837373	1.80479057749204e-05	2.1194671716307178e-07
395	1970-01-01 00:00:00.395	0.09839702351673561	0.3751847917751034	0.5549832745562241	0.013666253351259873	1.802037937342986e-05	2.118557709174995e-07
396	1970-01-01 00:00:00.396	0.09866454888968132	0.37597293823054695	0.6794752714500206	0.013703409651289368	1.7983005653260013e-05	2.1173310858904204e-07
397	1970-01-01 00:00:00.397	0.0989322848940674	0.3767551261675065	0.8041146962928274	0.013740595200344678	1.7967856539329e-05	2.1164405029207047e-07
398	1970-01-01 00:00:00.398	0.09920022946730737	0.37753618101265823	0.9288973188209337	0.013777809724959332	1.7893172966643608e-05	2.1151774269213277e-07
399	1970-01-01 00:00:00.399	0.0994683801963346	0.37831358919599867	1.0538198853700869	0.01381505287428614	1.7868492785991564e-05	2.11428374192431e-07
400	1970-01-01 00:00:00.400	0.09973674253357673	0.3790933924687518	1.178882383138051	0.013852325411955368	1.78407287480953e-05	2.1131830787790186e-07
401	1970-01-01 00:00:00.401	0.10000531673955486	0.37986592689239695	1.3040826408768897	0.013889627388111043	1.7808800266953012e-05	2.1121921088221616e-07
402	1970-01-01 00:00:00.402	0.10027410098552338	0.38064082226057905	1.429417203990349	0.013926958527654045	1.7735871045657015e-05	2.1110231138486003e-07
403	1970-01-01 00:00:00.403	0.10054310021489839	0.38141102004297966	1.5548864742214565	0.013964319545749273	1.773133704107153e-05	2.1100006728053858e-07
404	1970-01-01 00:00:00.404	0.10081231524307932	0.38218353452854265	1.6804880149601495	0.01400171050890397	1.7684109521829982e-05	2.109003174551224e-07
405	1970-01-01 00:00:00.405	0.10108174377745782	0.38295085602872225	1.8062185591427622	0.014039131141876177	1.7635550676246908e-05	2.1079258153439517e-07
406	1970-01-01 00:00:00.406	0.1013513884323408	0.38371575231426885	1.9320771231390035	0.014076581821196935	1.7597905432432932e-05	2.1068054564397633e-07
407	1970-01-01 00:00:00.407	0.1016212499466598	0.38447967153288704	2.0580614551758387	0.014114062603737492	1.7557491174256918e-05	2.1057318646268595e-07
408	1970-01-01 00:00:00.408	0.10189132898375103	0.3852412022344625	2.1841693966951254	0.014151573554576333	1.751876637201873e-05	2.1046421507504475e-07
409	1970-01-01 00:00:00.409	0.10216162817946886	0.38600115782152083	2.3103999004783637	0.014189115087333445	1.7476079693004163e-05	2.1035398237329644e-07
410	1970-01-01 00:00:00.410	0.10243214753828421	0.3867592163455733	2.4367507577620433	0.014226687226887682	1.7433411118081856e-05	2.1024564704125085e-07
411	1970-01-01 00:00:00.411	0.10270288765341906	0.38751583808628	2.5632198016693453	0.014264290037076272	1.7392533481078316e-05	2.1014080313412674e-07
412	1970-01-01 00:00:00.412	0.10297384921144273	0.3882704809980491	2.689804803872591	0.014301923564096486	1.7351312440406948e-05	2.1003561818248314e-07
413	1970-01-01 00:00:00.413	0.10324503225096013	0.3890233839609763	2.816503572577856	0.014339587878633443	1.7302588930871296e-05	2.0992613738120108e-07
414	1970-01-01 00:00:00.414	0.10351643747978559	0.389770927262651	2.9433138956845646	0.01437728304697011	1.7250651604142817e-05	2.0980503278544852e-07
415	1970-01-01 00:00:00.415	0.10378806990930527	0.39051934343188827	3.0702359911119173	0.01441500977199347	1.723915006305097e-05	2.0970204641850875e-07
416	1970-01-01 00:00:00.416	0.10405992533818657	0.3912668506419659	3.1972651001973884	0.014452767468173339	1.7161821717752304e-05	2.0959811813602208e-07
417	1970-01-01 00:00:00.417	0.10433200619531419	0.39201260950900285	3.324400463030588	0.014490556487996239	1.7141369049479355e-05	2.0947798145155409e-07
418	1970-01-01 00:00:00.418	0.10460431817968524	0.39275263001010685	3.451641982331071	0.014528377584644817	1.7090537397000432e-05	2.0937148505037735e-07
419	1970-01-01 00:00:00.419	0.10487685417214725	0.393490044802609	3.5789840543973765	0.014566229822158957	1.7041003828735653e-05	2.092674590965772e-07
420	1970-01-01 00:00:00.420	0.10514961931932651	0.39423274889552457	3.706426829130091	0.014604113881853505	1.7016555528745145e-05	2.0915122632438468e-07
421	1970-01-01 00:00:00.421	0.1054226166603811	0.3949650664888745	3.83396913887542	0.014642030217481098	1.6957045032613184e-05	2.0902765906858555e-07
422	1970-01-01 00:00:00.422	0.10569584441137447	0.3957014283644709	3.9616077037867106	0.014679978455373471	1.6910305178111666e-05	2.0893071651847708e-07
423	1970-01-01 00:00:00.423	0.10596929992481607	0.3964304862789324	4.089339133576786	0.014717958335928968	1.6846234720369474e-05	2.0880907405297628e-07
424	1970-01-01 00:00:00.424	0.1062429860832112	0.3971630329341959	4.217162499356615	0.014755970294706367	1.68152717684884e-05	2.0869056236661518e-07
425	1970-01-01 00:00:00.425	0.10651690840589537	0.3978878830526015	4.345077745967455	0.01479401504764114	1.6779547712904148e-05	2.0858562981196628e-07
426	1970-01-01 00:00:00.426	0.10679106463933871	0.3986171493559938	4.47308146676643	0.014832092295263036	1.6714537709279747e-05	2.0846375106973747e-07
427	1970-01-01 00:00:00.427	0.10706545253908682	0.3993365706906672	4.60117052526636	0.014870201737073336	1.6675779794703045e-05	2.083633922601472e-07
428	1970-01-01 00:00:00.428	0.10734007494228379	0.4000622619286095	4.729343719943171	0.014908343796128574	1.6635550847948854e-05	2.0823635049398886e-07
429	1970-01-01 00:00:00.429	0.10761493544983865	0.40077843707932903	4.85759993460761	0.014946518835242383	1.6570962672665696e-05	2.081157337975093e-07
430	1970-01-01 00:00:00.430	0.1078900310241657	0.40149517806143226	4.985936009790209	0.014984726564220589	1.6544754451730547e-05	2.0801782600249005e-07
431	1970-01-01 00:00:00.431	0.10816536247260129	0.4022115845683377	5.114349541168776	0.015022967034928942	1.646721573895213e-05	2.0788143817403524e-07
432	1970-01-01 00:00:00.432	0.1084409323479059	0.4029228962141937	5.242839654282638	0.015061240650382111	1.6440000004006424e-05	2.0778238232549188e-07
433	1970-01-01 00:00:00.433	0.1087167389679966	0.4036318112857747	5.371402777932469	0.015099547121457776	1.636387005873749e-05	2.0765181990047786e-07
434	1970-01-01 00:00:00.434	0.10899278442399395	0.40434198476359734	5.500038105928103	0.01513788678045433	1.6331504465802115e-05	2.0753553240114507e-07
435	1970-01-01 00:00:00.435	0.10926907432752957	0.40505114740762865	5.628745543124198	0.015176260378621503	1.6275104143173393e-05	2.0740840060507785e-07
436	1970-01-01 00:00:00.436	0.10954560402975387	0.40575004740618587	5.757520711426115	0.015214667271100508	1.6234910563849755e-05	2.0729957061735603e-07
437	1970-01-01 00:00:00.437	0.10982236154223451	0.4064585152489227	5.886375635339664	0.015253105795816837	1.618678890594892e-05	2.0718911260863581e-07
438	1970-01-01 00:00:00.438	0.1100992814343187	0.40717121001749174	6.015434280899074	0.015291566897498688	1.6165832848312053e-05	2.0710853506705175e-07
439	1970-01-01 00:00:00.439	0.11037643226206487	0.4078867868740503	6.144642544617749	0.015330060060608178	1.6149765823642427e-05	2.0703784025360305e-07
440	1970-01-01 00:00:00.440	0.11065383268687433	0.4085956642436081	6.273933450399386	0.015368587904007814	1.6171370184694267e-05	2.0696103609544862e-07
441	1970-01-01 00:00:00.441	0.1109314766558108	0.40930824036642927	6.403290150176771	0.015407149543008411	1.614486385832216e-05	2.068970221960486e-07
442	1970-01-01 00:00:00.442	0.1112093609996174	0.410013358154499	6.532706740339467	0.01544574459497061	1.6131727765121213e-05	2.0680447533401668e-07
443	1970-01-01 00:00:00.443	0.11148749316315013	0.41071850997829296	6.662183859425197	0.015484374063905532	1.6134872592550145e-05	2.0674192686981393e-07
444	1970-01-01 00:00:00.444	0.11176587084070336	0.4114212133995769	6.791718106960774	0.015523037634481323	1.6129487453542816e-05	2.0666665970016568e-07
445	1970-01-01 00:00:00.445	0.11204449179524478	0.4121214891267079	6.921306163489013	0.015561735014113287	1.6116294116750655e-05	2.0657714923901821e-07
446	1970-01-01 00:00:00.446	0.11232335661023397	0.4128211108184758	7.0509460277552005	0.01560046625728466	1.6097847518944438e-05	2.0650994649746555e-07
447	1970-01-01 00:00:00.447	0.11260246988723688	0.41352151384413477	7.180637814692017	0.015639231958762885	1.609066429164724e-05	2.0642671333784162e-07
448	1970-01-01 00:00:00.448	0.11288183215837759	0.41421517965613575	7.310379528557633	0.01567803227495344	1.610334858139615e-05	2.0636427027903646e-07
449	1970-01-01 00:00:00.449	0.11316143873800955	0.41490633888267	7.440166704737631	0.01571686651144368	1.60873571926912e-05	2.0627226949887758e-07
450	1970-01-01 00:00:00.450	0.11344129453282198	0.41559733611880234	7.569999588800798	0.01575573537998521	1.6068372033759267e-05	2.0619168584162654e-07
451	1970-01-01 00:00:00.451	0.11372139742889531	0.41628777804513606	7.699875058034488	0.01579463856845974	1.606592206749794e-05	2.0611788556726413e-07
452	1970-01-01 00:00:00.452	0.11400174752414112	0.4169751838087234	7.829790980824314	0.015833576083734972	1.6060680458895768e-05	2.0603796307737218e-07
453	1970-01-01 00:00:00.453	0.1142823499443312	0.41766127755947996	7.959747520768743	0.01587254863876946	1.6051825267775473e-05	2.0596667814489044e-07
454	1970-01-01 00:00:00.454	0.11456319755542631	0.4183415733149719	8.089739317537978	0.015911555255747913	1.6022985506842755e-05	2.0587285532424406e-07
455	1970-01-01 00:00:00.455	0.11484429517895275	0.41902516193046896	8.219766682019305	0.015950596586828392	1.604917492339626e-05	2.0580063323691998e-07
456	1970-01-01 00:00:00.456	0.115125647955162	0.4197009757195748	8.349829521147907	0.015989673361485046	1.6025900970056817e-05	2.05705059634943e-07
457	1970-01-01 00:00:00.457	0.11540725064410592	0.4203799907609992	8.479920151398971	0.016028784849197425	1.601496630721126e-05	2.0563436296230134e-07
458	1970-01-01 00:00:00.458	0.11568910703686056	0.42105326516966746	8.61003187263878	0.016067931604948776	1.59852023631939e-05	2.0552866821218549e-07
459	1970-01-01 00:00:00.459	0.115971216131006	0.4217256637456023	8.740169360470453	0.016107113429134727	1.6005724978533915e-05	2.0546056398000594e-07
460	1970-01-01 00:00:00.460	0.11625357887661047	0.4223954947429173	8.870328082684049	0.01614633046935207	1.5972109292390214e-05	2.0535190760299537e-07
461	1970-01-01 00:00:00.461	0.11653621230503187	0.42305906703682356	9.000468824969483	0.016185585107317237	1.5936200170673403e-05	2.052300945722076e-07
462	1970-01-01 00:00:00.462	0.11681910226722429	0.4237277531366938	9.130603737482856	0.0162248753565079	1.5907130608002168e-05	2.0510130616723276e-07
463	1970-01-01 00:00:00.463	0.11710225148143137	0.4243863718714064	9.260744612646283	0.01626420163904485	1.5884253443448556e-05	2.049765862270995e-07
464	1970-01-01 00:00:00.464	0.11738565022042802	0.42504830413492556	9.390892031113287	0.01630356257216695	1.5829014674509736e-05	2.0484206204093818e-07
465	1970-01-01 00:00:00.465	0.11766930192992223	0.42570382321473754	9.521053239182145	0.016342958644499552	1.580856657470857e-05	2.0470360863009797e-07
466	1970-01-01 00:00:00.466	0.11795320971052099	0.426361595002359	9.651228566455481	0.016382390285940553	1.5752960243900386e-05	2.04566385662579e-07
467	1970-01-01 00:00:00.467	0.11823736870697925	0.4270118813224726	9.781414494050724	0.01642185680792339	1.573628793941332e-05	2.044288069341925e-07
468	1970-01-01 00:00:00.468	0.11852178141368297	0.4276642668498908	9.91160986806186	0.01646135863607329	1.5677332903294672e-05	2.0429656742937374e-07
469	1970-01-01 00:00:00.469	0.11880645022078205	0.4283158530699619	10.041814000167896	0.01650089599217609	1.5657599255737815e-05	2.0415213611579674e-07
470	1970-01-01 00:00:00.470	0.1190913727352004	0.4289608823629046	10.172023726815361	0.016540468576220022	1.5601191909089384e-05	2.040006767635245e-07
471	1970-01-01 00:00:00.471	0.11937654666074808	0.4296042955895409	10.302236202951475	0.016580076053032713	1.5576222883967906e-05	2.0386420505506154e-07
472	1970-01-01 00:00:00.472	0.1196619741383349	0.4302468860928925	10.432450295141212	0.016619718757027172	1.551111144935417e-05	2.037100085807755e-07
473	1970-01-01 00:00:00.473	0.11994765988000936	0.43088788574818676	10.562666546508908	0.016659397327952137	1.5493818753651525e-05	2.0356667003332292e-07
474	1970-01-01 00:00:00.474	0.12023359908854167	0.43152737130742524	10.692880685096153	0.016699111114282853	1.5449112599793002e-05	2.0341403705969083e-07
475	1970-01-01 00:00:00.475	0.12051979415246607	0.43216683115349985	10.823091979857939	0.01673886042901924	1.5410180061976858e-05	2.0325515237085257e-07
476	1970-01-01 00:00:00.476	0.12080624723517654	0.4327956403547635	10.953299633577615	0.016778645577948035	1.5374641930463025e-05	2.0310474040187822e-07
477	1970-01-01 00:00:00.477	0.12109295112467974	0.4334335110704422	11.08349849981699	0.016818465568994776	1.532817944682727e-05	2.029557450799011e-07
478	1970-01-01 00:00:00.478	0.12137990805690355	0.43406049819351195	11.21368771588114	0.016858320697999068	1.5274049108655188e-05	2.027767489336485e-07
479	1970-01-01 00:00:00.479	0.12166709900893125	0.4347059415136625	11.343891702745776	0.01689820833045586	1.5324245161027924e-05	2.0266422715093724e-07
480	1970-01-01 00:00:00.480	0.12195271318211212	0.4355367386310501	11.47791833524018	0.016937876937273045	1.613612221607057e-05	2.028981244701615e-07
481	1970-01-01 00:00:00.481	0.12224080578589058	0.4361508864902022	11.609876084709548	0.01697788981431482	1.6029856746798958e-05	2.027854909159133e-07
482	1970-01-01 00:00:00.482	0.12252850876795288	0.43697218934079024	11.7409198280826	0.017017848576676153	1.6169420981468e-05	2.0282745372185148e-07
483	1970-01-01 00:00:00.483	0.1228161607775078	0.43771341372539296	11.873504221417829	0.017057800241483612	1.636647036599395e-05	2.030656617591972e-07
484	1970-01-01 00:00:00.484	0.12310498402846576	0.4383055347912952	12.003923252262071	0.017097914586553065	1.633619368651344e-05	2.0301760621304461e-07
485	1970-01-01 00:00:00.485	0.12339387905883517	0.43889384935589754	12.133791594833983	0.017138038919788216	1.628360347516783e-05	2.0296416384140277e-07
486	1970-01-01 00:00:00.486	0.12368297912142234	0.4394826586053486	12.263538333470645	0.01717819171760945	1.6225893461961806e-05	2.0289910062172323e-07
487	1970-01-01 00:00:00.487	0.12397232029431614	0.4400696025760893	12.393246832809336	0.017218377990814965	1.617659932042271e-05	2.028438561155591e-07
488	1970-01-01 00:00:00.488	0.12426190992238374	0.4406533679635598	12.522932845819904	0.017258598758797605	1.611768506572716e-05	2.0276664665576263e-07
489	1970-01-01 00:00:00.489	0.12455174900366336	0.4412303116964828	12.652598505905738	0.017298854184449593	1.6085305018990357e-05	2.0270760419787908e-07
490	1970-01-01 00:00:00.490	0.1248418422647083	0.4418143388052843	12.782245162714368	0.01733914493345368	1.6035341327168293e-05	2.0262646049183768e-07
491	1970-01-01 00:00:00.491	0.12513218683804964	0.44238662046102895	12.911870669410105	0.017379470616781977	1.6001059834311572e-05	2.0255689545947648e-07
492	1970-01-01 00:00:00.492	0.12542278049759228	0.4429593230828447	13.041472533658728	0.017419830852687786	1.5945195728076783e-05	2.024555572228335e-07
493	1970-01-01 00:00:00.493	0.1257136247328719	0.44352568647259993	13.171050932698444	0.017460225912489975	1.5914269668384794e-05	2.023739048044269e-07
494	1970-01-01 00:00:00.494	0.12600471652416995	0.44409572903336547	13.300603811773554	0.017500655379182946	1.5864950142240604e-05	2.022733277613315e-07
495	1970-01-01 00:00:00.495	0.12629606016396924	0.4446570183452826	13.430132862765593	0.017541119795201777	1.583866911260636e-05	2.021675441237574e-07
496	1970-01-01 00:00:00.496	0.12658765752092546	0.44521817967335087	13.559639010752338	0.01758161939972915	1.581913295624011e-05	2.020510334991977e-07
497	1970-01-01 00:00:00.497	0.12687940459043118	0.44579346597603714	13.689287807808297	0.01762213980275491	1.582316980063575e-05	2.0185668467483573e-07
498	1970-01-01 00:00:00.498	0.12717123993225196	0.44639529818415735	13.819475104879162	0.017662672473128783	1.5901126360497687e-05	2.0157776576078284e-07
499	1970-01-01 00:00:00.499	0.1274633535763098	0.4469902856833713	13.949875977058248	0.01770324380068337	1.6017736881532703e-05	2.0127392646745782e-07
500	1970-01-01 00:00:00.500	0.1277557254076109	0.44758644166328004	14.080342820521157	0.01774385098363054	1.6114295046084822e-05	2.009465422122745e-07
501	1970-01-01 00:00:00.501	0.12804832804638397	0.4481766403553506	14.210860848423822	0.01778449024913517	1.6251600541601027e-05	2.005838961748828e-07
502	1970-01-01 00:00:00.502	0.12834112731506273	0.4487739863489591	14.341520607343945	0.017825156862840544	1.6417405528225352e-05	2.0020066046322693e-07
503	1970-01-01 00:00:00.503	0.12863409681440893	0.44936338306043705	14.472427738473511	0.01786584706390636	1.6631303989251672e-05	1.997171587109219e-07
504	1970-01-01 00:00:00.504	0.12892704253389267	0.44994206925444213	14.603957523121528	0.01790653398159996	1.7011530481413693e-05	1.990423533148363e-07
505	1970-01-01 00:00:00.505	0.12921928905933944	0.4504447242358043	14.73692957635484	0.017947123704710584	1.7763427920740488e-05	1.9773286536650833e-07
506	1970-01-01 00:00:00.506	0.1283215221994638	0.5133597896671163	15.324397712111372	0.017822433764633393	2.473844672904198e-05	8.667958880587978e-07
507	1970-01-01 00:00:00.507	0.0937555413684241	0.788063349380495	32.505492307402136	0.013021602969271392	1.3221816091534456e-05	1.0272908259905495e-06
508	1970-01-01 00:00:00.508	0.09315202388134937	0.7551311981626748	34.24062339487577	0.012937781084200793	1.5312705783157603e-05	2.2543332209743082e-07
509	1970-01-01 00:00:00.509	0.09367086277391226	0.754509510296533	34.668358814166695	0.013009842030041508	1.5331683772599518e-05	2.2547501912042984e-07
510	1970-01-01 00:00:00.510	0.09405464243965826	0.7545391912235632	34.94082496743936	0.01306314479298602	1.531624204231524e-05	2.2536728324646285e-07
511	1970-01-01 00:00:00.511	0.09440068177276799	0.7547410635503136	35.16927534517767	0.013111205815168708	1.5276229106901762e-05	2.2516292446376812e-07
512	1970-01-01 00:00:00.512	0.09473645982023411	0.7549787302615862	35.38526152442666	0.013157841642677973	1.531444577822596e-05	2.250486563636338e-07
513	1970-01-01 00:00:00.513	0.09507004146945482	0.7552240241314414	35.59736343838686	0.013204172409559373	1.5214799447203258e-05	2.2501203668714635e-07
514	1970-01-01 00:00:00.514	0.09540350833542452	0.755473647720619	35.808515226444406	0.013250487268626397	1.528018499331741e-05	2.2501027736837354e-07
515	1970-01-01 00:00:00.515	0.09573758176484654	0.7557072963597239	36.019187049523296	0.013296886366896798	1.5387459780365253e-05	2.2491312178187654e-07
516	1970-01-01 00:00:00.516	0.09607249932638308	0.7559439146134544	36.229439810610586	0.013343402678037998	1.5249262795650227e-05	2.2479228669065806e-07
517	1970-01-01 00:00:00.517	0.09640807305245852	0.7561786953878343	36.43944766850994	0.013390010130324315	1.530982967721524e-05	2.2461410273456391e-07
518	1970-01-01 00:00:00.518	0.09674450388973554	0.7564069304049006	36.64921361810847	0.013436736630808308	1.5370377604721857e-05	2.2457998819966957e-07
519	1970-01-01 00:00:00.519	0.09708165644797799	0.7566112000926563	36.85857558657381	0.013483563384045192	1.5267931600307352e-05	2.245405992908889e-07
520	1970-01-01 00:00:00.520	0.09741952143813509	0.7568197147130903	37.06772433652122	0.013530489073819485	1.5297973457098624e-05	2.2447078947707622e-07
521	1970-01-01 00:00:00.521	0.09775826866586969	0.7570199204781829	37.276748711595936	0.013577537314704123	1.5303019736431496e-05	2.243388110666809e-07
522	1970-01-01 00:00:00.522	0.0980977929798176	0.757208138555838	37.485318989385554	0.01362469346180296	1.526998986176077e-05	2.2418891717260643e-07
523	1970-01-01 00:00:00.523	0.09843799844225765	0.7574011357491102	37.69372640086142	0.013671944225764962	1.5262111322667126e-05	2.241607680292644e-07
524	1970-01-01 00:00:00.524	0.09877897028362005	0.757584592801795	37.90188596409873	0.013719301436350037	1.5271062439013852e-05	2.241557344212497e-07
525	1970-01-01 00:00:00.525	0.09912064390051181	0.7577549769806352	38.10967110622251	0.013766756104875641	1.5354477796576923e-05	2.2420306185218108e-07
526	1970-01-01 00:00:00.526	0.09946313393521153	0.7579230480554474	38.31708765036975	0.013814324150474537	1.5174506357268284e-05	2.2403497927785255e-07
527	1970-01-01 00:00:00.527	0.09980621270212	0.7580927842915319	38.52429454275961	0.013861973985507247	1.526965119254276e-05	2.2386812584797263e-07
528	1970-01-01 00:00:00.528	0.10015006394515463	0.758254314902853	38.73137775139957	0.01390973112594677	1.5324357035113762e-05	2.237086791736418e-07
529	1970-01-01 00:00:00.529	0.10049466708212242	0.7583927601312281	38.937959033765765	0.013957592662611979	1.5201568027110197e-05	2.2378651938744742e-07
530	1970-01-01 00:00:00.530	0.10083981250449263	0.758547595582245	39.14402196178268	0.014005529480052714	1.520273920209168e-05	2.2374934613794886e-07
531	1970-01-01 00:00:00.531	0.1011857098789114	0.7586933081644887	39.34986186788154	0.014053570773588299	1.517905231776625e-05	2.235580496890592e-07
532	1970-01-01 00:00:00.532	0.10153218177704525	0.7588288110368594	39.555778679952056	0.014101691946958346	1.533752299003578e-05	2.2347849954703777e-07
533	1970-01-01 00:00:00.533	0.10187953244961612	0.7589634092640356	39.76110856016075	0.014149935077075335	1.52765721634306e-05	2.2348322027619835e-07
534	1970-01-01 00:00:00.534	0.10222744714247142	0.7590820447064471	39.96609510665107	0.014198256557465575	1.5248769402268204e-05	2.2335968764322513e-07
535	1970-01-01 00:00:00.535	0.1025759600768561	0.7592014666906842	40.17067658170465	0.014246661106607824	1.5282149913372362e-05	2.2319483129665447e-07
536	1970-01-01 00:00:00.536	0.1029251140918643	0.7593185023866706	40.375057032422696	0.014295154734013809	1.51930299461435e-05	2.2301122162974797e-07
537	1970-01-01 00:00:00.537	0.10327488941331892	0.759426859202546	40.57912165886027	0.014343734666126222	1.535719625600024e-05	2.2313456615682742e-07
538	1970-01-01 00:00:00.538	0.10362536655751495	0.7595437582569772	40.78270247844504	0.014392412017904888	1.5253495345471698e-05	2.2305616610742975e-07
539	1970-01-01 00:00:00.539	0.10397636650543773	0.7596305758186626	40.98605784984678	0.014441162037793666	1.5293557831757194e-05	2.2302339511953435e-07
540	1970-01-01 00:00:00.540	0.10432805171045512	0.7597236406420971	41.189039574340164	0.014490007173690856	1.5321654112369658e-05	2.228894710794221e-07
541	1970-01-01 00:00:00.541	0.10468011728127911	0.7598224659964535	41.391512777627504	0.014538905190995701	1.5300304711125085e-05	2.2281528419003023e-07
542	1970-01-01 00:00:00.542	0.10503286309301905	0.7599053258192532	41.59359684655162	0.014587897619806386	1.5215960586938249e-05	2.2257984724864665e-07
543	1970-01-01 00:00:00.543	0.10538618929291106	0.7599709065926795	41.79541724593221	0.01463697072182622	1.5300254041151013e-05	2.2269952968216234e-07
544	1970-01-01 00:00:00.544	0.10574006535556292	0.7600573438863643	41.996808776971925	0.014686120176351982	1.526454579478594e-05	2.2251428713654535e-07
545	1970-01-01 00:00:00.545	0.10609454499367812	0.7601351179541213	42.19794286862545	0.014735353474622194	1.5227561251976428e-05	2.2247813363177508e-07
546	1970-01-01 00:00:00.546	0.1064495534279601	0.7602018399300847	42.39884706626887	0.01478466023566284	1.530297705421035e-05	2.2225542882896006e-07
547	1970-01-01 00:00:00.547	0.10680509279148961	0.7602595309405418	42.599072549196876	0.014834040719344242	1.5191863510568211e-05	2.22159386411114e-07
548	1970-01-01 00:00:00.548	0.10716111220004823	0.7603214150819968	42.79905107379718	0.01488348777282045	1.5252137380994754e-05	2.2202777299524587e-07
549	1970-01-01 00:00:00.549	0.1075177602622852	0.7603811275248719	42.99853922791679	0.014933022223093157	1.5204682896282364e-05	2.221995464437446e-07
550	1970-01-01 00:00:00.550	0.10787479114905427	0.7604274189809648	43.19770095176325	0.014982609905577846	1.5164148630346856e-05	2.2199153719201068e-07
551	1970-01-01 00:00:00.551	0.10823239906181183	0.7604774875501523	43.39652276026426	0.015032277639446137	1.5244886204840265e-05	2.2197246625534562e-07
552	1970-01-01 00:00:00.552	0.10859042418697347	0.7605141806232448	43.59485407313464	0.01508200331400791	1.5124636283264727e-05	2.2174423464910012e-07
553	1970-01-01 00:00:00.553	0.10894892388618721	0.7605496729906062	43.79303932159362	0.015131794996224362	1.5232540169912102e-05	2.2168133484364506e-07
554	1970-01-01 00:00:00.554	0.10930806112471655	0.7605905588994709	43.99069675404384	0.015181675166439909	1.5198183660984642e-05	2.2164935531112734e-07
555	1970-01-01 00:00:00.555	0.10966747921630284	0.7606182982372861	44.187815683316195	0.01523159432182379	1.5201472087183285e-05	2.2156950070708844e-07
556	1970-01-01 00:00:00.556	0.11002749362602807	0.7606480749606919	44.38465010976052	0.015281596325592646	1.5077409466871674e-05	2.2142278728505666e-07
557	1970-01-01 00:00:00.557	0.11038777262412636	0.7606667315088802	44.58098075943239	0.015331635090012405	1.516157625427506e-05	2.2143363334043126e-07
558	1970-01-01 00:00:00.558	0.11074857837666072	0.760691942450746	44.77704631328875	0.015381747007535636	1.5186479279929485e-05	2.2118846621446242e-07
559	1970-01-01 00:00:00.559	0.1111098240637016	0.7607022246480366	44.97277482303431	0.01543191998788943	1.5135427749449605e-05	2.2110334523587885e-07
560	1970-01-01 00:00:00.560	0.11147161245304738	0.760710451232885	45.16805103023143	0.015482168420877258	1.5125048221600348e-05	2.2106587492094543e-07
561	1970-01-01 00:00:00.561	0.11183374312755953	0.7607132810253299	45.36284921310481	0.015532464268163204	1.5228565521785956e-05	2.2115592061289226e-07
562	1970-01-01 00:00:00.562	0.1121962540475757	0.7607299770768857	45.55744899144366	0.01558281303446811	1.5178801601319803e-05	2.2103372659264e-07
563	1970-01-01 00:00:00.563	0.11255925764466573	0.760723420660028	45.75148141872609	0.015633230229522132	1.5234330705706934e-05	2.2091204644940542e-07
564	1970-01-01 00:00:00.564	0.1129225520894072	0.7607303524902819	45.94486846088436	0.015683687789723035	1.5128687114854592e-05	2.2068088643144767e-07
565	1970-01-01 00:00:00.565	0.11328622980009721	0.7607215701786365	46.138126745351805	0.015734198635617938	1.5088101188218678e-05	2.2063067822313242e-07
566	1970-01-01 00:00:00.566	0.1136501659350681	0.7607095685007296	46.330887634058854	0.01578474531584387	1.5117982228078465e-05	2.2055502811922036e-07
567	1970-01-01 00:00:00.567	0.11401465513791322	0.760699948049144	46.52313487850865	0.015835368791472796	1.5127355042620352e-05	2.205709620048978e-07
568	1970-01-01 00:00:00.568	0.11437946879639771	0.7606838120329804	46.71517714798588	0.015886037324145064	1.5096566356177133e-05	2.2042951071687704e-07
569	1970-01-01 00:00:00.569	0.1147445900347201	0.7606688682676493	46.90673212858622	0.015936748646524945	1.5143903642699854e-05	2.2030414332162974e-07
570	1970-01-01 00:00:00.570	0.11511008985864864	0.7606539879059282	47.09774645768598	0.01598751248309267	1.5043722893403734e-05	2.2029586675570386e-07
571	1970-01-01 00:00:00.571	0.11547587135060976	0.7606422086402439	47.28855979390244	0.01603831543871951	1.5178354616333964e-05	2.1994404847880635e-07
572	1970-01-01 00:00:00.572	0.11584202910871157	0.760599217670205	47.47871459339922	0.01608917068081991	1.506988198332339e-05	2.2004414073728372e-07
573	1970-01-01 00:00:00.573	0.11620858908824606	0.7605682259672891	47.66866993439522	0.016140081862260465	1.5043097972970628e-05	2.200197280015701e-07
574	1970-01-01 00:00:00.574	0.11657531140257123	0.7605512287049195	47.857976338901274	0.016191015415457904	1.5006631420480441e-05	2.19892026613886e-07
575	1970-01-01 00:00:00.575	0.11694234747783552	0.7605202348058698	48.0469905551819	0.01624199272546622	1.506224107293224e-05	2.1962590048212405e-07
576	1970-01-01 00:00:00.576	0.11730979455095862	0.7604875246093631	48.235546250496895	0.016293027043696298	1.4997614509927622e-05	2.1959707348614747e-07
577	1970-01-01 00:00:00.577	0.11767745673353312	0.7604424372882392	48.42366614824782	0.016344091245489575	1.4988273996845697e-05	2.195748286575976e-07
578	1970-01-01 00:00:00.578	0.11804541735256292	0.7603905120766734	48.6115083140425	0.0163951968188499	1.5047713176155643e-05	2.1961332551589485e-07
579	1970-01-01 00:00:00.579	0.11841365690563725	0.7603599788143383	48.79879048897059	0.01644634122334559	1.5013312435408027e-05	2.1932240497045948e-07
580	1970-01-01 00:00:00.580	0.11878219876520513	0.7603163962711034	48.98564686398873	0.01649752760762325	1.4987817222053252e-05	2.1930153349712643e-07
581	1970-01-01 00:00:00.581	0.11915090281910488	0.7602771958434308	49.17230038130003	0.0165487365511212	1.5093920755562324e-05	2.1896613387664052e-07
582	1970-01-01 00:00:00.582	0.11952009059632324	0.7602224401313569	49.358407313629804	0.01660001259429764	1.503153421546512e-05	2.1898634309032288e-07
583	1970-01-01 00:00:00.583	0.11988937686613012	0.7601808366652332	49.54405578147079	0.016651302346869817	1.5108638186841957e-05	2.1890971991685732e-07
584	1970-01-01 00:00:00.584	0.12025890363938155	0.760112403833031	49.729103268373656	0.01670262550979006	1.4979128839388236e-05	2.1877823283474197e-07
585	1970-01-01 00:00:00.585	0.12062858468970185	0.7600614334543553	49.91408005507523	0.016753970109842774	1.5117178061210363e-05	2.1865414935994642e-07
586	1970-01-01 00:00:00.586	0.12099877732434679	0.7600015989720863	50.09828547933401	0.01680538570922968	1.4876612369906473e-05	2.1869669342419663e-07
587	1970-01-01 00:00:00.587	0.12136890271784297	0.7599458400751024	50.28221088799286	0.016856792054849336	1.493282967384444e-05	2.184371906421951e-07
588	1970-01-01 00:00:00.588	0.1217394220233511	0.759888735119066	50.465733753119125	0.016908253076923077	1.4973409875326939e-05	2.1834822623278913e-07
589	1970-01-01 00:00:00.589	0.12211004594886347	0.7598196395675909	50.64891022576566	0.016959728649107116	1.4988188652111896e-05	2.1822410232832414e-07
590	1970-01-01 00:00:00.590	0.12248093509952168	0.7597551765375714	50.83156328467829	0.017011240969603453	1.4986927602049283e-05	2.1812728734591548e-07
591	1970-01-01 00:00:00.591	0.12285197020225413	0.7596918543708506	51.013848375482475	0.017062773693994133	1.4939050731657557e-05	2.178811576184798e-07
592	1970-01-01 00:00:00.592	0.12322330853549245	0.7596123572081955	51.1957707614574	0.017114348453907722	1.4971133055870051e-05	2.1774273264486932e-07
593	1970-01-01 00:00:00.593	0.12359482426538819	0.7595488630034024	51.37726382060006	0.017165947801732136	1.4960935642141046e-05	2.1762722423233922e-07
594	1970-01-01 00:00:00.594	0.12396651483603258	0.7594783241507447	51.558231129966245	0.01721757149041588	1.4935985347964636e-05	2.174918632346564e-07
595	1970-01-01 00:00:00.595	0.12433830486822954	0.7594102133659533	51.73900443219473	0.01726920903254777	1.5043253125285899e-05	2.1734521085686217e-07
596	1970-01-01 00:00:00.596	0.12471039016733808	0.7593395042361326	51.91908164177254	0.01732088754570809	1.494372597448807e-05	2.1701780742016908e-07
597	1970-01-01 00:00:00.597	0.125082551949058	0.7592614092618989	52.09887505515617	0.01737257669093951	1.4969808201096927e-05	2.1729658708326408e-07
598	1970-01-01 00:00:00.598	0.12545489098607276	0.7591840188219238	52.27824707714259	0.017424290449145445	1.499854821733897e-05	2.1699332326160014e-07
599	1970-01-01 00:00:00.599	0.1258273374526368	0.7591084609478849	52.457201029256474	0.017476019080067087	1.5052984664509286e-05	2.1666779855967064e-07
600	1970-01-01 00:00:00.600	0.12619997607047417	0.7590234804766639	52.6357990538189	0.017527774449070912	1.5002541302703995e-05	2.1643438084402412e-07
601	1970-01-01 00:00:00.601	0.12657290791740522	0.7589458125540318	52.81379468638244	0.01757957059769257	1.4902887160033679e-05	2.1618598659893726e-07
602	1970-01-01 00:00:00.602	0.12694563800130676	0.7588680227995396	52.99140802744159	0.017631338601474752	1.488880572370757e-05	2.1607853215803015e-07
603	1970-01-01 00:00:00.603	0.1273187919264912	0.7587845689581062	53.16875243482324	0.017683165560816075	1.4948673284249464e-05	2.1581552344426785e-07
604	1970-01-01 00:00:00.604	0.1276919827592656	0.7586961163367726	53.34563696206477	0.017734997617281256	1.4916767860194102e-05	2.1560449712335447e-07
605	1970-01-01 00:00:00.605	0.1280651814135554	0.7586081168272979	53.52232328374037	0.017786830723308694	1.5041987472934875e-05	2.1522074505035613e-07
606	1970-01-01 00:00:00.606	0.12843880346873146	0.7585263498704299	53.698457452308844	0.01783872273065035	1.5057225197446033e-05	2.151710230845414e-07
607	1970-01-01 00:00:00.607	0.12881238051083252	0.7584318857442086	53.87444171507175	0.01789060841466846	1.5167593120912247e-05	2.1470564169799018e-07
608	1970-01-01 00:00:00.608	0.1291860474357771	0.7583234592884633	54.04965365593417	0.017942506606902595	1.5154492874513845e-05	2.1434805456064673e-07
609	1970-01-01 00:00:00.609	0.12955960609947315	0.7582119735229553	54.22493221525339	0.01799438974755394	1.53942788972445e-05	2.1366330010172302e-07
610	1970-01-01 00:00:00.610	0.123061565	0.9166384854977375	56.99562881674208	0.01709188400490196	4.421654125029751e-05	1.4140815697714948e-05
611	1970-01-01 00:00:00.611	0.07936048518423308	1.2034037630676948	66.0281473207655	0.011022289647957727	2.068407996545987e-05	5.631997664994755e-06
612	1970-01-01 00:00:00.612	0.07337132725728311	1.2436512613526256	60.368942579290746	0.010190462135004198	1.1164695224661005e-05	2.5737382273044396e-06
613	1970-01-01 00:00:00.613	0.07035024701590271	1.265940580417836	57.34501617212348	0.009770867635048332	8.026079300927969e-06	6.533302564582447e-07
614	1970-01-01 00:00:00.614	0.06878741434574501	1.278884352147697	55.69598868340896	0.009553807555417418	1.0787866099948344e-05	1.2265764903822284e-06
615	1970-01-01 00:00:00.615	0.0681000650373912	1.2856128711536103	54.91690728392791	0.00945834235975236	8.145783026593393e-06	5.211598479484801e-07
616	1970-01-01 00:00:00.616	0.06792345954500799	1.2890973260469114	54.65337500061403	0.009433813826722337	9.7456993773818e-06	1.1156989525798808e-06
617	1970-01-01 00:00:00.617	0.06805895908479462	1.290194287953399	54.711932360076865	0.009452633203459045	9.098244390576508e-06	6.043125510588542e-07
618	1970-01-01 00:00:00.618	0.06839304641723218	1.2900469703102277	54.971900618031995	0.009499034231095492	9.114828107037083e-06	7.271107905688668e-07
619	1970-01-01 00:00:00.619	0.06884957040672687	1.2890644049205855	55.354439451261285	0.009562440326066646	9.74477920148365e-06	1.4385755227399074e-06
620	1970-01-01 00:00:00.620	0.06938174592357081	1.2874682578096062	55.813026874922826	0.00963635360075318	9.85674304372404e-06	1.2797264670671792e-06
621	1970-01-01 00:00:00.621	0.06996931874051687	1.2855480020970824	56.32197798495035	0.009717960942391907	1.0413028012357369e-05	1.2794312887851021e-06
622	1970-01-01 00:00:00.622	0.07058876395379916	1.2833696036018838	56.857821447753594	0.009803994992490772	1.0507591863246531e-05	2.2493520440986773e-06
623	1970-01-01 00:00:00.623	0.07122963135660376	1.2810715166037736	57.411776496226416	0.009893004349748427	1.0328408567242704e-05	1.8851863333711053e-06
624	1970-01-01 00:00:00.624	0.07187685896774193	1.2785801561290322	57.96824990193548	0.009982897051419354	1.096175726731742e-05	2.3889859979803613e-06
625	1970-01-01 00:00:00.625	0.07253910086336707	1.2761113894717353	58.53556333991607	0.010074875117872131	1.0249805650761232e-05	1.553193372829442e-06
626	1970-01-01 00:00:00.626	0.07320978844602383	1.273486492508644	59.10789567422206	0.01016802613778973	7.868931029918684e-06	5.384680564361045e-07
627	1970-01-01 00:00:00.627	0.0738849352823483	1.2710522706989602	59.672694959194416	0.010261796572989338	1.4261825418290114e-05	3.673539668839101e-06
628	1970-01-01 00:00:00.628	0.07454621630688973	1.2683460988187325	60.2299535959705	0.010353641164478023	6.061712792701325e-06	4.5862310785691905e-07
629	1970-01-01 00:00:00.629	0.07522490064885495	1.2657790074458766	60.796243995745215	0.01044790288011513	7.0963506125438e-06	3.881205621135623e-07
630	1970-01-01 00:00:00.630	0.07590189017527148	1.26323783190449	61.356595906521875	0.010541929194132216	7.1988928402590965e-06	5.003479787316011e-07
631	1970-01-01 00:00:00.631	0.07657466079141384	1.260718131597834	61.908065110589156	0.010635369570692244	9.648875107484832e-06	1.6168936760079431e-06
632	1970-01-01 00:00:00.632	0.07724938360391133	1.2582209690576651	62.45456920567946	0.010729081078963231	1.3110770111093966e-05	3.316487572489207e-06
633	1970-01-01 00:00:00.633	0.07791606661719111	1.2557006036018208	62.99737896826967	0.010821675909360775	9.61164658961673e-06	1.9731205291872934e-06
634	1970-01-01 00:00:00.634	0.07858549008237893	1.2531732912062152	63.53603362534325	0.010914651401781527	1.0717876930805036e-05	2.288907231597629e-06
635	1970-01-01 00:00:00.635	0.07925186363931323	1.2506658376368798	64.06763477964039	0.011007203296606732	1.1790926300957144e-05	3.044689541782236e-06
636	1970-01-01 00:00:00.636	0.07991402561218315	1.2482321515497883	64.59555260539233	0.011099170206414308	1.1609216816798897e-05	2.4182154354735513e-06
637	1970-01-01 00:00:00.637	0.08057584835167822	1.245741615708656	65.12022328169589	0.011191090056393531	1.194983379822452e-05	2.237314134060542e-06
638	1970-01-01 00:00:00.638	0.08123433949740509	1.2433191878585086	65.63778637667303	0.011282547153783119	1.0872852273408221e-05	2.3047193325453075e-06
639	1970-01-01 00:00:00.639	0.08188973269181107	1.2409146621134897	66.15075288481141	0.011373573967380224	1.0862167335600407e-05	2.192185030972445e-06
640	1970-01-01 00:00:00.640	0.08254131234966366	1.2385150680165795	66.65876418223823	0.011464071212883061	9.308043924933187e-06	1.7244173792714402e-06
641	1970-01-01 00:00:00.641	0.08319140002724981	1.2361719636896247	67.16285986034471	0.011554361156073301	1.0048987488869813e-05	1.6286898269179363e-06
642	1970-01-01 00:00:00.642	0.08383718655973903	1.2338412618594536	67.66080138031806	0.011644053702596167	9.711465347078973e-06	1.4183541315871844e-06
643	1970-01-01 00:00:00.643	0.08447978136042882	1.2315448794273307	68.15374256886959	0.011733303012620436	9.05678244508278e-06	1.2886204058700755e-06
644	1970-01-01 00:00:00.644	0.08511842603965085	1.2292792621963597	68.64136349888355	0.011822003635563976	8.852996414089587e-06	1.1321270350904975e-06
645	1970-01-01 00:00:00.645	0.08575331850770479	1.2270171643011623	69.12401182211408	0.011910183103541498	8.545025833598744e-06	1.0144176339844872e-06
646	1970-01-01 00:00:00.646	0.08638380819461361	1.224821960820138	69.60074104411964	0.011997751190282853	7.997426703412506e-06	1.0094268205454247e-06
647	1970-01-01 00:00:00.647	0.08701133304430167	1.222637286303686	70.07347600202908	0.01208490739668583	8.286704731834968e-06	9.149611600431069e-07
648	1970-01-01 00:00:00.648	0.08763574515768058	1.2205113205832485	70.54184305256018	0.012171631292641573	8.235689092676839e-06	8.842060121552846e-07
649	1970-01-01 00:00:00.649	0.0882555943305595	1.2183768158446655	71.00494638522427	0.012257721443068805	8.022497874368784e-06	8.008209487291775e-07
650	1970-01-01 00:00:00.650	0.08887169251669928	1.216295329667364	71.4635475197355	0.012343290607246475	7.758598588160178e-06	7.456097536952864e-07
651	1970-01-01 00:00:00.651	0.08948409771004272	1.214265322574083	71.91762461856649	0.012428346925476369	8.015558008835018e-06	7.082626009535346e-07
652	1970-01-01 00:00:00.652	0.09009331749289484	1.2122228522804168	72.36783144809853	0.01251296071863581	8.046297672032413e-06	6.438194263571087e-07
653	1970-01-01 00:00:00.653	0.09069876336109982	1.2102419842882297	72.81371973384803	0.012597050447650006	8.125990556228226e-06	6.044947014934161e-07
654	1970-01-01 00:00:00.654	0.09130031957784715	1.208275737070721	73.25485878783766	0.012680599949776028	7.883563956543232e-06	5.992446751900638e-07
655	1970-01-01 00:00:00.655	0.09189837174138166	1.2063455079711134	73.69192911363946	0.012763662723123041	8.022597242458782e-06	6.152330374416494e-07
656	1970-01-01 00:00:00.656	0.0924921841700239	1.2044510830317514	74.12457982792762	0.012846136701263229	8.073851648414817e-06	6.220295838091309e-07
657	1970-01-01 00:00:00.657	0.09308261502061856	1.2025838303092784	74.5537778281787	0.012928141006872852	8.20948975837251e-06	5.399868304938253e-07
658	1970-01-01 00:00:00.658	0.09367000345793103	1.200748044137931	74.97948291172413	0.013009722694482757	8.226829763821792e-06	5.133280722932395e-07
659	1970-01-01 00:00:00.659	0.09425481258252427	1.198922004368932	75.40205989736478	0.013090946187239943	8.165587754509708e-06	4.997215821826185e-07
660	1970-01-01 00:00:00.660	0.0948347627578304	1.1971363859990278	75.81992950343773	0.013171494830891034	8.085205998209806e-06	5.063241386382633e-07
661	1970-01-01 00:00:00.661	0.0954113991588264	1.1953923260157502	76.23413708829884	0.013251583169558854	7.889930229265455e-06	5.010413811533692e-07
662	1970-01-01 00:00:00.662	0.09598548578341984	1.1936628077570486	76.6456112435124	0.013331317470192172	8.140348955136064e-06	4.7363701553131806e-07
663	1970-01-01 00:00:00.663	0.09655492836149478	1.1919705070462034	77.05273866016968	0.013410406706863913	8.185990200160555e-06	4.915528677237443e-07
664	1970-01-01 00:00:00.664	0.09712161735312787	1.1902961365399536	77.4570258100007	0.0134891135235207	8.364333555743e-06	4.637313802093168e-07
665	1970-01-01 00:00:00.665	0.09768561458920105	1.1886506777298138	77.85852142381997	0.013567446480786923	8.395601182669308e-06	4.599218789221461e-07
666	1970-01-01 00:00:00.666	0.09824659285908344	1.187025833488239	78.25705790090798	0.013645360092943449	8.726959627523415e-06	4.136033057391106e-07
667	1970-01-01 00:00:00.667	0.0988039809737935	1.185427439424316	78.65207005226979	0.013722775138192754	8.539823621853787e-06	4.094060392117313e-07
668	1970-01-01 00:00:00.668	0.09935833080850147	1.1838732453507574	79.04417878509369	0.013799768201335536	8.583859592205788e-06	4.0259119634156726e-07
669	1970-01-01 00:00:00.669	0.0999090312259789	1.1823217131917352	79.43297927611617	0.013876254361363964	8.543875949170641e-06	3.8741906229638715e-07
670	1970-01-01 00:00:00.670	0.10045711818710898	1.1808141768514477	79.81929237669141	0.013952377512730976	9.016152495910666e-06	3.579916507363069e-07
671	1970-01-01 00:00:00.671	0.10100270219122051	1.1793074673873347	80.20339247680958	0.014028153107150682	9.45665465924768e-06	3.504678211598358e-07
672	1970-01-01 00:00:00.672	0.10154501907408761	1.1778437116945806	80.58420805894828	0.014103474830688219	8.87432743728699e-06	3.4721492456015926e-07
673	1970-01-01 00:00:00.673	0.10208429945938048	1.176400395675044	80.96217466320866	0.014178374991233197	9.184981576424314e-06	3.650749545406491e-07
674	1970-01-01 00:00:00.674	0.10262127541116006	1.1749712082232011	81.33834385682819	0.014252954964023495	9.162144680181424e-06	3.453882496762125e-07
675	1970-01-01 00:00:00.675	0.10315480552941177	1.173588809117647	81.71156992352941	0.014327056377941176	9.584215509409368e-06	3.3462006329500525e-07
676	1970-01-01 00:00:00.676	0.10368647089739799	1.17219159180958	82.08280055662331	0.014400898657599054	9.32052556298418e-06	3.33302941760675e-07
677	1970-01-01 00:00:00.677	0.10421468954936258	1.1708424928846723	82.45116203231545	0.014474262444411502	9.756272036742218e-06	3.329989662050533e-07
678	1970-01-01 00:00:00.678	0.10474075612086203	1.1695004465674295	82.81758559801526	0.014547327174701918	9.354193764445753e-06	3.4027511897159046e-07
679	1970-01-01 00:00:00.679	0.10526368560449305	1.1681945716080402	83.18102575968075	0.014619956281407035	9.045038583736912e-06	3.700066353484405e-07
680	1970-01-01 00:00:00.680	0.10578407919203921	1.166895259171246	83.54277128471708	0.01469223314421506	8.965707127720778e-06	3.56022655699805e-07
681	1970-01-01 00:00:00.681	0.10630240521499776	1.1656296291474484	83.90261801592024	0.01476422292887963	9.477509718236126e-06	3.4988016295614917e-07
682	1970-01-01 00:00:00.682	0.10681802694713327	1.1643682344750559	84.26046550856293	0.0148358370454207	9.944557964954355e-06	3.323715802437938e-07
683	1970-01-01 00:00:00.683	0.10733148483355724	1.1631506527839977	84.61614115017166	0.014907150702343632	9.739046913961786e-06	3.399914547775228e-07
684	1970-01-01 00:00:00.684	0.10784210396084	1.161932703833794	84.9696511434123	0.014978070043345042	9.636783330133023e-06	3.3883506613386067e-07
685	1970-01-01 00:00:00.685	0.10835048070595274	1.1607400180975171	85.3213463288962	0.015048677880646127	9.966144026140443e-06	3.384245621917324e-07
686	1970-01-01 00:00:00.686	0.10885667961769115	1.1595676428785606	85.67114095952024	0.015118983266866568	9.851410621530284e-06	3.368271879478076e-07
687	1970-01-01 00:00:00.687	0.10936048186941168	1.15841300601097	86.01921361409573	0.015188955828386806	9.974752421470433e-06	3.380020492342099e-07
688	1970-01-01 00:00:00.688	0.1098623542236585	1.1572779013978658	86.36551036374568	0.015258660216443709	9.90994608847362e-06	3.3810081840424737e-07
689	1970-01-01 00:00:00.689	0.11036148539986433	1.156155753373031	86.7099144132057	0.015327984070249491	9.831249790829576e-06	3.387261508782438e-07
690	1970-01-01 00:00:00.690	0.11085907095385546	1.155064462125217	87.05288063439318	0.015397093208972132	9.711016830688768e-06	3.4374050674732464e-07
691	1970-01-01 00:00:00.691	0.11135408392073817	1.153968296778097	87.39416524807139	0.015465844990924217	9.979740999696719e-06	3.402399773157256e-07
692	1970-01-01 00:00:00.692	0.1118472222828145	1.152909499356207	87.73387098992653	0.015534336407634628	9.822223164043778e-06	3.44787988913042e-07
693	1970-01-01 00:00:00.693	0.11233841376954608	1.151852474571125	88.072190717322	0.015602557531501441	9.859702271808867e-06	3.4279588209645896e-07
694	1970-01-01 00:00:00.694	0.11282736305223937	1.1508276296099156	88.40860677134818	0.015670467017717283	9.989405097580411e-06	3.455707017248288e-07
695	1970-01-01 00:00:00.695	0.11331416964625333	1.1498209056675541	88.7435199216432	0.015738079143400533	9.811546234289083e-06	3.426994408671407e-07
696	1970-01-01 00:00:00.696	0.1137989279591992	1.1488147834360967	89.0768927083809	0.015805406604247545	9.655691607382202e-06	3.4589872777301146e-07
697	1970-01-01 00:00:00.697	0.11428181184360948	1.1478308141909916	89.40893584787744	0.015872473863272615	9.96334187911272e-06	3.444796799274423e-07
698	1970-01-01 00:00:00.698	0.11476315349885409	1.1468583823529412	89.74012599236059	0.015939326870893812	1.002705282926967e-05	3.4545331202955304e-07
699	1970-01-01 00:00:00.699	0.1152422698768454	1.1459063299166221	90.06944693796373	0.016005870816186034	9.855279864047579e-06	3.4472649227428014e-07
700	1970-01-01 00:00:00.700	0.1157197016241477	1.1449779243851987	90.3976304236574	0.01607218080134835	1.0106198479772466e-05	3.469756126967235e-07
701	1970-01-01 00:00:00.701	0.11619514466993414	1.1440476327155766	90.72426836728442	0.016138214573441566	9.606289984056593e-06	3.526041473462018e-07
702	1970-01-01 00:00:00.702	0.11666866235321208	1.1431534278916262	91.04970843426202	0.016203980886483997	9.974604868669122e-06	3.4869444189662566e-07
703	1970-01-01 00:00:00.703	0.11714063096353168	1.1422617630710172	91.37405342648754	0.016269532013819577	9.882400049674243e-06	3.47225928471592e-07
704	1970-01-01 00:00:00.704	0.11761096121193479	1.1413821282682253	91.69745801599508	0.01633485570132267	1.0062753189204092e-05	3.4845666138792547e-07
705	1970-01-01 00:00:00.705	0.11807943327677953	1.140513038019588	92.01950853859798	0.016399921241613324	1.0059956586707025e-05	3.48618795958587e-07
706	1970-01-01 00:00:00.706	0.11854602729379055	1.1396646360827927	92.34012868551129	0.016464725986252704	9.963591432976521e-06	3.487651703459634e-07
707	1970-01-01 00:00:00.707	0.11901113088576287	1.1388316130004636	92.65984376874324	0.01652932371618488	9.947681498494357e-06	3.4903760584629084e-07
708	1970-01-01 00:00:00.708	0.1194745233663673	1.1380075422731495	92.97838749922576	0.01659368380380923	1.0074800309228863e-05	3.4761989592067206e-07
709	1970-01-01 00:00:00.709	0.11993629454517278	1.13720300069735	93.29594995505967	0.01665781870990237	1.0023011829770648e-05	3.5221607729514103e-07
710	1970-01-01 00:00:00.710	0.12039638705343274	1.1363987119447032	93.61250473827276	0.016721720392979186	1.0058802655312987e-05	3.5200288628741423e-07
711	1970-01-01 00:00:00.711	0.12085541459905111	1.135614461460683	93.92849467605197	0.016785474241269346	1.0162653128560318e-05	3.5788607309913343e-07
712	1970-01-01 00:00:00.712	0.12131252717594032	1.1348523015231582	94.2427573624495	0.01684896210755362	9.95592446421503e-06	3.5394379690279155e-07
713	1970-01-01 00:00:00.713	0.12176764482167886	1.1340908748637284	94.55587668821056	0.016912172881949853	9.69790037178399e-06	3.5541483354986175e-07
714	1970-01-01 00:00:00.714	0.12222167053445851	1.133347173152055	94.86878921472105	0.016975232011251756	1.0239425017231598e-05	3.5330394459504444e-07
715	1970-01-01 00:00:00.715	0.12267426444132115	1.1326185407199187	95.18034745295542	0.017038092290153822	9.983246397944327e-06	3.5486612553427013e-07
716	1970-01-01 00:00:00.716	0.12312515015642109	1.13189930689817	95.49108462146097	0.017100715313624275	1.0331758039716096e-05	3.541701368198194e-07
717	1970-01-01 00:00:00.717	0.1235749173477376	1.1311895803193988	95.80106529982778	0.017163182967746986	9.919899862280633e-06	3.5417132112620794e-07
718	1970-01-01 00:00:00.718	0.12402305767481969	1.1304922965663218	96.11002225305738	0.017225424686422075	1.001498284577148e-05	3.537655864841783e-07
719	1970-01-01 00:00:00.719	0.12446986948169057	1.129804649258998	96.41831256802321	0.017287481842703678	9.9231598454842e-06	3.554103687836318e-07
720	1970-01-01 00:00:00.720	0.12491522207210747	1.1291287532008483	96.72586059696803	0.0173493364339015	1.0216671874046816e-05	3.5722758437814727e-07
721	1970-01-01 00:00:00.721	0.12535938724742512	1.1284626858243574	97.03253599496816	0.017411026013837566	1.0053522370871138e-05	3.637418325911917e-07
722	1970-01-01 00:00:00.722	0.12580213548920752	1.1278115271781943	97.33828486371515	0.017472518873483535	9.898427289660469e-06	3.566317476893335e-07
723	1970-01-01 00:00:00.723	0.12624341556659568	1.1271715630470782	97.6433714919959	0.01753380770207397	9.85033021740265e-06	3.667289728302317e-07
724	1970-01-01 00:00:00.724	0.12668349599557696	1.1265392501382196	97.94768370112945	0.017594930003949134	1.0040892422856015e-05	3.5664250719479035e-07
725	1970-01-01 00:00:00.725	0.12712219633780583	1.125927266219416	98.25115026992897	0.017655860613259668	9.835059390468824e-06	3.628993870892041e-07
726	1970-01-01 00:00:00.726	0.127559363568832	1.1253198247984826	98.55383441441441	0.017716578336494388	1.021060392123218e-05	3.6072821927194435e-07
727	1970-01-01 00:00:00.727	0.12799575915247524	1.1247146115643565	98.85621410613861	0.01777718876990099	9.966165762809506e-06	3.6344850912386277e-07
728	1970-01-01 00:00:00.728	0.12843076023734176	1.1241346639240506	99.15775796677215	0.017837605608386074	1.0017392845030854e-05	3.675582958710669e-07
729	1970-01-01 00:00:00.729	0.1288645111904762	1.1235516862698414	99.4586305936508	0.01789784874285714	1.0072412812045236e-05	3.621834785859259e-07
730	1970-01-01 00:00:00.730	0.1292971524160914	1.1229831148932794	99.75890280488773	0.017957937805284454	9.943492716849162e-06	3.640874298081466e-07
731	1970-01-01 00:00:00.731	0.12972848836580517	1.1224218155864811	100.05844079125248	0.018017845612723658	1.001586351523173e-05	3.614630779096601e-07
732	1970-01-01 00:00:00.732	0.13015886527932516	1.1218794975330255	100.35766514403947	0.01807762017109661	1.0329890779054593e-05	3.610334935378299e-07
733	1970-01-01 00:00:00.733	0.130587853083174	1.1213322606755896	100.6558526848311	0.018137201795729765	9.655145476803697e-06	3.7046794540299744e-07
734	1970-01-01 00:00:00.734	0.13101586641422194	1.1208004995216836	100.95383746811225	0.01819664812260842	1.0118933471799265e-05	3.658774690939531e-07
735	1970-01-01 00:00:00.735	0.13144245212392208	1.120285690993293	101.25089817949537	0.01825589609469818	1.0239427788753594e-05	3.6503876925807016e-07
736	1970-01-01 00:00:00.736	0.1318679907516757	1.1197753270028725	101.54716674114268	0.018314998653048198	9.962386592012448e-06	3.647145860208512e-07
737	1970-01-01 00:00:00.737	0.13229268846707162	1.1192675644980818	101.84360659367007	0.018373984487691817	1.0205620776734335e-05	3.647029722864352e-07
738	1970-01-01 00:00:00.738	0.13271618186395973	1.1187760469986412	102.13912492206859	0.018432803060506753	1.0009106696902644e-05	3.6796881628127293e-07
739	1970-01-01 00:00:00.739	0.13313847599839615	1.1182926681635925	102.4338187489976	0.018491455076182838	1.0217409259089816e-05	3.649593743388892e-07
740	1970-01-01 00:00:00.740	0.13355939420440882	1.1178254701402806	102.72802351903806	0.01854991584769539	9.864268846503407e-06	3.659416854229061e-07
741	1970-01-01 00:00:00.741	0.13397979706236454	1.1173443912031462	103.0218912272253	0.018608305198651576	9.751715039016856e-06	3.6805465119194915e-07
742	1970-01-01 00:00:00.742	0.13439912554557126	1.1168873256578946	103.31562081996148	0.01866654518453145	1.003685725356948e-05	3.7688550220140106e-07
743	1970-01-01 00:00:00.743	0.13481776369851994	1.1164348949485199	103.60942449324324	0.0187246893484556	1.0468818998746783e-05	3.6894143671916924e-07
744	1970-01-01 00:00:00.744	0.13523527354714251	1.1159818843340568	103.90216312193553	0.018782676948798326	9.835759990377622e-06	3.777583320136574e-07
745	1970-01-01 00:00:00.745	0.13565171964285716	1.1155410542149293	104.19460206724581	0.018840516652187903	1.0402697690196269e-05	3.7687669021471246e-07
746	1970-01-01 00:00:00.746	0.13606712734802187	1.1151257212126087	104.4859909938887	0.018898212162270826	9.910755849396911e-06	3.742123928626637e-07
747	1970-01-01 00:00:00.747	0.13648114225340754	1.1147105707718366	104.77686223889025	0.018955714259214454	1.0261069995864101e-05	3.70032127384425e-07
748	1970-01-01 00:00:00.748	0.13689442795386725	1.114297232841358	105.06766773126866	0.019013115048794257	1.0006095560373417e-05	3.726089306138131e-07
749	1970-01-01 00:00:00.749	0.137306868245373	1.11389912163582	105.35792525660713	0.0190703983310434	1.0297923023858079e-05	3.71846752826424e-07
750	1970-01-01 00:00:00.750	0.13771850679132266	1.1135080216933786	105.64788280718795	0.019127570408774486	1.0183912250051806e-05	3.706539294953952e-07
751	1970-01-01 00:00:00.751	0.13812887677315003	1.1131121795390215	105.93729114435908	0.019184566156085724	1.0161456926375576e-05	3.7291738302358385e-07
752	1970-01-01 00:00:00.752	0.13853870541788144	1.1127314825072887	106.22654772432783	0.019241486893424035	1.0160374726933107e-05	3.722420462298275e-07
753	1970-01-01 00:00:00.753	0.13894750172721376	1.1123593678235484	106.51533072494324	0.01929826412341875	1.0089684687265651e-05	3.7253160938072884e-07
754	1970-01-01 00:00:00.754	0.13935566448992853	1.1119940603476282	106.80394830246914	0.019354953462475635	1.0279391156080248e-05	3.7278248447731984e-07
755	1970-01-01 00:00:00.755	0.1397629432224026	1.1116321039772727	107.09210155032467	0.019411519923701298	9.945667585691558e-06	3.7795185874709183e-07
756	1970-01-01 00:00:00.756	0.1401690705825006	1.1112804408969048	107.37986545617028	0.01946792655211634	1.0389620700270534e-05	3.73314138062596e-07
757	1970-01-01 00:00:00.757	0.1405746901097115	1.110932779926859	107.66729271028036	0.01952426251848842	9.74480693266794e-06	3.8141103511183447e-07
758	1970-01-01 00:00:00.758	0.14097893433005607	1.1105993792150808	107.9540133582514	0.01958040753879906	1.0130655635644755e-05	3.8163829662815337e-07
759	1970-01-01 00:00:00.759	0.1413826307667237	1.1102705519432903	108.24067876639778	0.019636476469485863	1.0228770981620468e-05	3.739478769238677e-07
760	1970-01-01 00:00:00.760	0.14178556507703594	1.1099404360479335	108.52697705225401	0.019692439549197034	1.0238911982041738e-05	3.7399279128640364e-07
761	1970-01-01 00:00:00.761	0.1421879523755195	1.1096274342759351	108.81316681607042	0.019748326659603944	1.0151499481479912e-05	3.753466002121665e-07
762	1970-01-01 00:00:00.762	0.1425892170066917	1.1093109976334259	109.0989722457973	0.019804057890484738	1.0154001547988657e-05	3.8015912083192195e-07
763	1970-01-01 00:00:00.763	0.1429898301543235	1.10900860308647	109.38425311504858	0.019859698600473586	9.929352352670181e-06	3.7785225129013327e-07
764	1970-01-01 00:00:00.764	0.14338942876398988	1.1087078089208398	109.66916160444408	0.019915198463360838	9.884844361601177e-06	3.7778483516503865e-07
765	1970-01-01 00:00:00.765	0.14378868849044274	1.108415324375102	109.95431131351087	0.019970651199967326	1.0279531091063552e-05	3.7677726132018246e-07
766	1970-01-01 00:00:00.766	0.14418693075854178	1.1081317375347393	110.23876247343469	0.02002596261893085	1.0203264753110291e-05	3.7769698811179017e-07
767	1970-01-01 00:00:00.767	0.1445847040589198	1.107837871603928	110.52328472995089	0.02008120890671031	9.784745268451718e-06	3.8071350112158895e-07
768	1970-01-01 00:00:00.768	0.14498154774457633	1.1075675824805566	110.80708410970118	0.02013632607040524	9.67610490137454e-06	3.8750904318562884e-07
769	1970-01-01 00:00:00.769	0.14537761475799837	1.1073029071369975	111.0910920754717	0.02019133531747334	1.0210393187323297e-05	3.7800977257651487e-07
770	1970-01-01 00:00:00.770	0.14577313239205386	1.1070368913971433	111.37459485306191	0.020246268358233458	9.894981251105483e-06	3.8530967815165664e-07
771	1970-01-01 00:00:00.771	0.14616792543960558	1.1067840273623664	111.65782147082992	0.02030110082251438	1.008777832314051e-05	3.813398371598549e-07
772	1970-01-01 00:00:00.772	0.14656174263451444	1.1065203864009188	111.9405004839239	0.020355797666502626	9.211891348333332e-06	3.939810584020844e-07
773	1970-01-01 00:00:00.773	0.1469551874630056	1.1062838825221966	112.22358257152253	0.020410442642222953	1.0130894538945248e-05	3.8172191879580564e-07
774	1970-01-01 00:00:00.774	0.14734776301865088	1.1060423611042642	112.5056745624846	0.02046496705447375	9.490443282644894e-06	3.846614592949524e-07
775	1970-01-01 00:00:00.775	0.14773966522454351	1.1058107530021386	112.78815317486429	0.0205193979560783	9.979491638139496e-06	3.8097832299824253e-07
776	1970-01-01 00:00:00.776	0.14813130465097135	1.1055751476786302	113.07039280540008	0.02057379230655252	9.637724382827626e-06	3.9059008835800277e-07
777	1970-01-01 00:00:00.777	0.14852211625627934	1.105344395454171	113.35233719838591	0.020628071744214774	9.510862270028823e-06	3.9461593345532085e-07
778	1970-01-01 00:00:00.778	0.14891205160174587	1.105133889813061	113.63379564358067	0.02068222946306514	9.859837448380138e-06	3.944648103572425e-07
779	1970-01-01 00:00:00.779	0.1493016565012796	1.1049177214562866	113.91548700569636	0.02073634121852555	9.82846617662016e-06	3.8512792563163967e-07
780	1970-01-01 00:00:00.780	0.14969065441856624	1.1047065799471425	114.19696457713907	0.020790368597621407	9.864126501489098e-06	3.8472435933434424e-07
781	1970-01-01 00:00:00.781	0.15007888435205807	1.104509540460282	114.47788697517116	0.02084428947042811	9.894860859541367e-06	3.8987759260099364e-07
782	1970-01-01 00:00:00.782	0.15046612189823227	1.104306709978523	114.75839938873285	0.020898072475631916	9.782454429937552e-06	3.8505509983752446e-07
783	1970-01-01 00:00:00.783	0.15085356051477283	1.1041191553422163	115.03941595630225	0.020951883446164034	1.002202566079616e-05	3.846897732130333e-07
784	1970-01-01 00:00:00.784	0.15123976544026457	1.1039223077304672	115.31960583712277	0.021005522940057874	9.703676868440678e-06	3.866637050891404e-07
785	1970-01-01 00:00:00.785	0.15162559094377176	1.1037455818543704	115.5996841516006	0.021059109828329738	9.676907360486233e-06	3.832647683965802e-07
786	1970-01-01 00:00:00.786	0.15201093828519407	1.1035627497310272	115.8799557146404	0.021112630332698834	9.796559404263015e-06	3.9103555092152615e-07
787	1970-01-01 00:00:00.787	0.15239568015248198	1.1033850425955083	116.15982685837409	0.021166066715836578	9.574488896869147e-06	3.912523810396292e-07
788	1970-01-01 00:00:00.788	0.15277944910373442	1.1032147151037344	116.43930765145228	0.021219367916182574	9.896622721346224e-06	3.916860720121603e-07
789	1970-01-01 00:00:00.789	0.15316336779153852	1.1030473170143795	116.71922824370375	0.021272689962596625	1.0072805182748317e-05	3.8428713811281643e-07
790	1970-01-01 00:00:00.790	0.15354621324761508	1.1028867934467026	116.9981707258399	0.021325862886768975	9.649824564653672e-06	3.8679906550014526e-07
791	1970-01-01 00:00:00.791	0.15392866869290814	1.1027384217737917	117.27741360239163	0.021378981755522337	1.0133525627012125e-05	3.8857671016426614e-07
792	1970-01-01 00:00:00.792	0.15431084794452288	1.1025702349472635	117.55656011128644	0.021432062189186942	9.21854540969853e-06	4.0324004729378625e-07
793	1970-01-01 00:00:00.793	0.1546925331286307	1.102426343319502	117.8356371120332	0.02148507398091286	9.354090752967054e-06	4.098666650795972e-07
794	1970-01-01 00:00:00.794	0.15507344381134588	1.1022884418565964	118.11437802362336	0.02153797827482948	9.711341774326235e-06	3.913989823639694e-07
795	1970-01-01 00:00:00.795	0.15545356853146852	1.1021467578255078	118.39264977522477	0.021590773428238428	9.719440053565601e-06	3.873664483069756e-07
796	1970-01-01 00:00:00.796	0.1558334243015595	1.1020217949295306	118.67098308731549	0.021643531138353767	1.0179510710336919e-05	3.8701755405982885e-07
797	1970-01-01 00:00:00.797	0.15621269598035953	1.1018772541611184	118.94926963215713	0.021696207775466044	9.792149435040778e-06	3.8867235404226685e-07
798	1970-01-01 00:00:00.798	0.1565918149257467	1.1017538635074253	119.22745114300017	0.02174886320957784	9.79858045319748e-06	3.895695853431853e-07
799	1970-01-01 00:00:00.799	0.1569703063026261	1.1016406368486868	119.50543008753648	0.021801431399749896	9.994799416487037e-06	3.867680691006559e-07
800	1970-01-01 00:00:00.800	0.15734826603994317	1.101505382552018	119.7832628227626	0.0218539258778307	9.485140695027994e-06	3.9844313388205087e-07
801	1970-01-01 00:00:00.801	0.15772590051683893	1.1013880414304769	120.06079473157719	0.021906375078359457	8.98204055183903e-06	4.152870526484429e-07
802	1970-01-01 00:00:00.802	0.15810249737282464	1.1012888431224899	120.33831446619813	0.021958680166499333	9.906981685158132e-06	3.894264130085231e-07
803	1970-01-01 00:00:00.803	0.15847960524951935	1.1011734616734932	120.6161783164758	0.02201105626013542	9.673323274026582e-06	3.9043222468593327e-07
804	1970-01-01 00:00:00.804	0.1588552980097006	1.1010750113731393	120.89290827061382	0.02206323588476334	1.002977683998244e-05	3.901280065225274e-07
805	1970-01-01 00:00:00.805	0.15923107243863618	1.1009728339616318	121.17027708804557	0.022115426716930554	9.918744726955684e-06	3.8860763842241437e-07
806	1970-01-01 00:00:00.806	0.15960637453161594	1.1008704262295081	121.44745469220476	0.02216755198143192	9.595781722125208e-06	3.980962504941874e-07
807	1970-01-01 00:00:00.807	0.1599811176917934	1.1007778360354337	121.72415915092762	0.022219599673240848	9.54648882575631e-06	4.003885547085694e-07
808	1970-01-01 00:00:00.808	0.16035552208281054	1.100689034211627	122.00105079046425	0.022271600265997494	9.435083248962777e-06	3.9686899960679995e-07
809	1970-01-01 00:00:00.809	0.16072955059907834	1.1006040728110598	122.27783740259741	0.022323548744030162	9.650422731513196e-06	3.9625638138426786e-07
810	1970-01-01 00:00:00.810	0.1611030894085167	1.1005200728687359	122.55433210909396	0.022375429058813685	9.27389751555007e-06	4.041932254227827e-07
811	1970-01-01 00:00:00.811	0.16147610256689876	1.1004400899253417	122.83072405838438	0.02242723651455415	9.451289302878953e-06	3.9366889106545553e-07
812	1970-01-01 00:00:00.812	0.16184891373750945	1.1003641785204468	123.10710398018304	0.022479015855235537	9.528856879738684e-06	3.92222388934837e-07
813	1970-01-01 00:00:00.813	0.1622212002601326	1.1002942248049006	123.38316560375934	0.022530722152387345	9.531221290626835e-06	4.063148782691775e-07
814	1970-01-01 00:00:00.814	0.16259302488255034	1.1002195143456375	123.65922880872483	0.02258236453271812	9.272289490195637e-06	4.06671049041804e-07
815	1970-01-01 00:00:00.815	0.16296459582177386	1.1001484109289619	123.9355065153426	0.022633971518284994	9.514814354951072e-06	3.9802010132117373e-07
816	1970-01-01 00:00:00.816	0.16333582272154556	1.1000904439311214	124.2115449307014	0.022685530970180598	9.946500584564192e-06	4.021457432646085e-07
817	1970-01-01 00:00:00.817	0.1637068037167844	1.1000287905314496	124.48752299024554	0.02273705603514968	9.511201482578203e-06	3.9949449206402566e-07
818	1970-01-01 00:00:00.818	0.16407690309269687	1.0999795088662914	124.76294423901167	0.022788458815026474	1.0109786434251618e-05	3.956190272074237e-07
819	1970-01-01 00:00:00.819	0.16444697777215617	1.0999248843916014	125.03860220929252	0.022839858060544733	9.851266494709503e-06	3.940868544298989e-07
820	1970-01-01 00:00:00.820	0.16481666181894736	1.0998680081684211	125.31423469473684	0.02289120299536842	9.769649524517053e-06	3.994999832194385e-07
821	1970-01-01 00:00:00.821	0.16518613488411293	1.0998219678887484	125.58964981036662	0.022942518708807414	9.855698588501474e-06	3.9698591251134665e-07
822	1970-01-01 00:00:00.822	0.1655549785449334	1.0997756041982802	125.86471550328781	0.022993747024110604	9.690976985242792e-06	3.9562162294756866e-07
823	1970-01-01 00:00:00.823	0.16592362335162514	1.0997370932038835	126.14006047277333	0.023044947744195864	9.782620642184888e-06	3.959761815258595e-07
824	1970-01-01 00:00:00.824	0.16629169373999494	1.099690736793327	126.41499497009015	0.023096068587918104	9.716630130469542e-06	4.002212010643073e-07
825	1970-01-01 00:00:00.825	0.16665970200708383	1.099656442654748	126.68996944678699	0.023147180857648848	9.437704246289341e-06	3.9923849302051366e-07
826	1970-01-01 00:00:00.826	0.16702729883347422	1.0996277034657649	126.96495493660187	0.02319823609721048	9.845734060427726e-06	3.940031829798423e-07
827	1970-01-01 00:00:00.827	0.1673944093427944	1.099600161260348	127.23963631525595	0.023249223645041395	1.0172566602986145e-05	3.9516152381152603e-07
828	1970-01-01 00:00:00.828	0.16776154809463456	1.099559971863118	127.51457659484579	0.02330021496239966	9.736210238117786e-06	4.052988999909368e-07
829	1970-01-01 00:00:00.829	0.16812805640614448	1.0995340699696152	127.78908464719783	0.02335111883609048	9.696239619873397e-06	4.0021642646732875e-07
830	1970-01-01 00:00:00.830	0.16849423920689946	1.0995100273949439	128.06346263634057	0.023401977627462586	9.45262759020039e-06	3.986860691039601e-07
831	1970-01-01 00:00:00.831	0.1688603280927399	1.0994915900321545	128.3381146048401	0.0234528232839736	9.524788225265105e-06	3.965243487040566e-07
832	1970-01-01 00:00:00.832	0.16922595415855826	1.0994789505034268	128.61249884084947	0.023503604689059987	1.0000131045105932e-05	4.019159673024941e-07
833	1970-01-01 00:00:00.833	0.1695914170320833	1.0994546852619995	128.8869401930077	0.02355436357402861	9.70371156815373e-06	4.0155483012982833e-07
834	1970-01-01 00:00:00.834	0.16995636002712325	1.0994442347855569	129.16090616206137	0.023605050073741314	9.487563333888693e-06	3.9733346963578463e-07
835	1970-01-01 00:00:00.835	0.1703210197339434	1.0994389434841552	129.4347987544484	0.02365569719708524	9.707699821991017e-06	3.9969364946391153e-07
836	1970-01-01 00:00:00.836	0.1706854023908436	1.0994239115727003	129.70891804154303	0.023706305835523526	9.626961150928358e-06	3.9896818885806113e-07
837	1970-01-01 00:00:00.837	0.17104956984638886	1.0994243925146396	129.9826367818043	0.02375688457099211	9.770998982402785e-06	3.96175975166308e-07
838	1970-01-01 00:00:00.838	0.17141340714892173	1.0994225758193241	130.2564492698251	0.023807417885888946	9.754062078122772e-06	3.969599285661379e-07
839	1970-01-01 00:00:00.839	0.17177707239154427	1.0994133495203329	130.53021198743528	0.023857926718736735	9.364794378763214e-06	3.9961372876199464e-07
840	1970-01-01 00:00:00.840	0.17214036112618725	1.0994221843622796	130.80396144843962	0.02390838361770692	9.577114930087008e-06	3.9858669720886536e-07
841	1970-01-01 00:00:00.841	0.17250346736565073	1.0994212387299431	131.07769590797182	0.02395881495203328	9.554262571268358e-06	4.000594644683959e-07
842	1970-01-01 00:00:00.842	0.17286654561209752	1.0994239467334976	131.35160159714553	0.024009242405063292	9.5172408949537e-06	4.0776895351242456e-07
843	1970-01-01 00:00:00.843	0.17322900282682513	1.09943156426146	131.62498215619695	0.024059583731748727	9.444923966324278e-06	4.022594820679614e-07
844	1970-01-01 00:00:00.844	0.17359112245088867	1.0994428306828812	131.89814148311933	0.024109878216685095	9.726270831655754e-06	3.9995593378982504e-07
845	1970-01-01 00:00:00.845	0.17395307425002124	1.0994504616299823	132.17129139117873	0.024160149221551797	9.157502710497154e-06	4.0251783168556915e-07
846	1970-01-01 00:00:00.846	0.17431487229643494	1.0994622155194418	132.44475489662216	0.024210398892197737	9.482564187432145e-06	4.0329968559298494e-07
847	1970-01-01 00:00:00.847	0.1746764396173469	1.0994828020408163	132.7180249659864	0.024260616579931976	9.346930467329508e-06	4.095632684287004e-07
848	1970-01-01 00:00:00.848	0.1750376336024475	1.0994951570493754	132.99087502337045	0.02431078248491544	8.960096326578823e-06	4.0227314434747614e-07
849	1970-01-01 00:00:00.849	0.17539841178976062	1.0995223835931511	133.26369871368942	0.024360890502598178	9.508693031816169e-06	4.0051598644990344e-07
850	1970-01-01 00:00:00.850	0.17575900055498633	1.0995495725751365	133.53637672472678	0.024410972381318306	9.741764229365318e-06	3.982771818397718e-07
851	1970-01-01 00:00:00.851	0.1761193566859476	1.0995702589316094	133.80889812861517	0.024461021741238514	9.434710473280027e-06	4.045922246852478e-07
852	1970-01-01 00:00:00.852	0.17647962440709775	1.0995957393789457	134.081607592561	0.02451105891656714	9.188642465681198e-06	3.998804589267431e-07
853	1970-01-01 00:00:00.853	0.17683970414962508	1.0996244858554873	134.35454619120654	0.024561070061349694	9.422469144695808e-06	4.03621528813037e-07
854	1970-01-01 00:00:00.854	0.17719983080726281	1.0996549023101185	134.62737853550422	0.024611087706077915	9.305594478065809e-06	4.022495172588488e-07
855	1970-01-01 00:00:00.855	0.17755925127328662	1.0996846656981714	134.89994604341138	0.02466100712527773	9.660826508295009e-06	4.000791545019289e-07
856	1970-01-01 00:00:00.856	0.17791838046868344	1.099715869365147	135.17191453770772	0.024710886164465276	9.140187388564125e-06	4.048738920205506e-07
857	1970-01-01 00:00:00.857	0.1782776728809219	1.0997563090055484	135.4444713700384	0.024760787961587705	9.287071468192061e-06	4.0220731699867355e-07
858	1970-01-01 00:00:00.858	0.17863628082928076	1.0997861486221312	135.71630973466426	0.024810594529477006	8.707997876588516e-06	4.032013016206649e-07
859	1970-01-01 00:00:00.859	0.17899508907183076	1.0998335692714554	135.98888786043338	0.024860428986521074	9.564411474670192e-06	4.0957117017252387e-07
860	1970-01-01 00:00:00.860	0.17935363908095156	1.0998778348451137	136.26115788978262	0.02491022759455759	9.674256353669982e-06	4.007942071063961e-07
861	1970-01-01 00:00:00.861	0.1797118833390294	1.0999137720437457	136.53304028537252	0.02495998374487355	9.112196798003248e-06	4.034883071499635e-07
862	1970-01-01 00:00:00.862	0.18006968186404446	1.0999618660966224	136.80497121846943	0.025009678045318513	9.37899124540915e-06	4.037682362175771e-07
863	1970-01-01 00:00:00.863	0.18042804119706285	1.0999996154371585	137.07744984631148	0.025059450184426228	9.01356685879269e-06	4.063747645214572e-07
864	1970-01-01 00:00:00.864	0.18078560880642955	1.100055552753078	137.34916822845418	0.025109112275991795	9.260181207034029e-06	4.0664778158802266e-07
865	1970-01-01 00:00:00.865	0.18114318505776636	1.100107324775353	137.62110849807445	0.025158775689345315	9.379640486656397e-06	4.059298440089489e-07
866	1970-01-01 00:00:00.866	0.1815003965322856	1.1001487932183123	137.8928848992142	0.025208388430133243	8.787752898332166e-06	4.1631070246103554e-07
867	1970-01-01 00:00:00.867	0.18185761114249036	1.1002067433461702	138.16454967907575	0.0252580015224647	9.012904513415491e-06	4.0757747310306045e-07
868	1970-01-01 00:00:00.868	0.18221411210147412	1.100264401182722	138.43582724545766	0.02530751552022626	9.443792941030854e-06	4.053447699682616e-07
869	1970-01-01 00:00:00.869	0.18257083845430452	1.1003145070530906	138.70756959049328	0.02535706093699239	8.973030636325296e-06	4.117425921166834e-07
870	1970-01-01 00:00:00.870	0.18292718109865663	1.1003694348421322	138.97876104218363	0.025406552987079663	8.864636174296226e-06	4.0848765903348994e-07
871	1970-01-01 00:00:00.871	0.18328341204561044	1.100437461419753	139.2501507887517	0.02545602941786694	9.486654864398149e-06	4.0451149532522575e-07
872	1970-01-01 00:00:00.872	0.18363972336440607	1.100492686735654	139.52143951937057	0.025505517087146153	8.92377671524844e-06	4.10307836572545e-07
873	1970-01-01 00:00:00.873	0.18399563485523385	1.100548755439438	139.79256666095597	0.025554949257323968	8.620083804212781e-06	4.106038851798392e-07
874	1970-01-01 00:00:00.874	0.18435121316399208	1.1006181723161417	140.06375719557195	0.025604335118853516	9.175745058715352e-06	4.074486609732572e-07
875	1970-01-01 00:00:00.875	0.18470674292687103	1.1006843580236343	140.334534603528	0.025653714257578352	8.965730550505223e-06	4.075647261950957e-07
876	1970-01-01 00:00:00.876	0.18506220247685978	1.100744531967775	140.60555875042851	0.025703083655296537	8.80146690335653e-06	4.07779848455221e-07
877	1970-01-01 00:00:00.877	0.18541742708101158	1.1008092483497642	140.87663884269182	0.025752420427775393	8.703006038912988e-06	4.127283728828051e-07
878	1970-01-01 00:00:00.878	0.18577236828431792	1.1008884754351367	141.14755407699565	0.025801717837606104	9.198818107863329e-06	4.0604498354915123e-07
879	1970-01-01 00:00:00.879	0.18612728849557522	1.100962161182232	141.41861439986252	0.025851012283701347	9.540349393757282e-06	4.0382669065872164e-07
880	1970-01-01 00:00:00.880	0.18648214239429356	1.1010164364902029	141.6893587487109	0.0259002976392231	8.672984332598487e-06	4.1216964259515424e-07
881	1970-01-01 00:00:00.881	0.18683668963534966	1.1011016417846418	141.96005856713856	0.025949540156156158	9.214687421678249e-06	4.071415970036844e-07
882	1970-01-01 00:00:00.882	0.1871909228284217	1.1011797321934873	142.23053272617923	0.025998739276570156	9.381815102314631e-06	4.0848778173728725e-07
883	1970-01-01 00:00:00.883	0.1875453462807078	1.10123878912558	142.50144232090707	0.02604796480587528	8.717275065810857e-06	4.086417795671828e-07
884	1970-01-01 00:00:00.884	0.1878994331728289	1.1013305398968187	142.77161525365435	0.02609714342046432	9.081382535475494e-06	4.037079156403921e-07
885	1970-01-01 00:00:00.885	0.18825323019338203	1.1014091721529866	143.0419369660507	0.02614628199828105	9.228403494172755e-06	4.080560124896762e-07
886	1970-01-01 00:00:00.886	0.188606802315572	1.1014831181027804	143.3121393647241	0.02619538923043815	8.928872792563484e-06	4.0593759867048176e-07
887	1970-01-01 00:00:00.887	0.1889603411067194	1.101574833820244	143.58239197456606	0.02624449175803403	8.935842963342499e-06	4.0546138372506954e-07
888	1970-01-01 00:00:00.888	0.18931383762700188	1.1016390937661442	143.8528611072843	0.026293588578439813	8.769884643660582e-06	4.164680493462577e-07
889	1970-01-01 00:00:00.889	0.1896669792839315	1.1017305203545917	144.12262640502624	0.026342636000516395	8.471095617831999e-06	4.16367704768655e-07
890	1970-01-01 00:00:00.890	0.190020173731369	1.1018175626776945	144.3928435082278	0.02639169090548807	9.225127600204963e-06	4.071350105824389e-07
891	1970-01-01 00:00:00.891	0.19037305009899289	1.101905447705948	144.66267147284154	0.02644070145132134	8.936696016846002e-06	4.075444753788446e-07
892	1970-01-01 00:00:00.892	0.19072598021021797	1.101987074696304	144.93279599379684	0.02648971942793142	8.788896839791506e-06	4.0868440371394185e-07
893	1970-01-01 00:00:00.893	0.19107888721700955	1.1020888653697167	145.20286740983042	0.02653873433072222	9.31368060807093e-06	4.082094439875348e-07
894	1970-01-01 00:00:00.894	0.19143153212068964	1.102159453189655	145.4727699913793	0.026587712821551725	8.733079410172413e-06	4.098841525762832e-07
895	1970-01-01 00:00:00.895	0.19178406424691785	1.1022665495301318	145.7424114061557	0.026636675547892064	8.763197008292181e-06	4.0698035912791017e-07
896	1970-01-01 00:00:00.896	0.19213627629150495	1.1023488232858991	146.01215753341958	0.02668559403708495	8.698273733202243e-06	4.1228197924857925e-07
897	1970-01-01 00:00:00.897	0.19248825307692308	1.102444232065687	146.28169537597233	0.026734479597234226	9.032534747840968e-06	4.1057202476518393e-07
898	1970-01-01 00:00:00.898	0.19284029084173346	1.1025463957956405	146.5508987162919	0.026783373689153095	8.609465357151719e-06	4.0816399963473417e-07
899	1970-01-01 00:00:00.899	0.19319196014661494	1.1026288311341095	146.82033338507978	0.02683221671065114	8.541826513562742e-06	4.076273617859431e-07
900	1970-01-01 00:00:00.900	0.19354404873324685	1.102733596714224	147.090221409425	0.026881117890185904	8.786930045196715e-06	4.099004550941053e-07
901	1970-01-01 00:00:00.901	0.1938953051569507	1.1028299333390825	147.35892209382544	0.026929903482235253	8.441508039301484e-06	4.0972321817185633e-07
902	1970-01-01 00:00:00.902	0.19424688643276875	1.1029294731247838	147.62882788627724	0.02697873420929831	8.780124045524543e-06	4.1206120703193413e-07
903	1970-01-01 00:00:00.903	0.19459854765847345	1.103013455886158	147.89816697714534	0.02702757610521777	8.22307099866408e-06	4.139647808898338e-07
904	1970-01-01 00:00:00.904	0.19494952112444944	1.103126164435616	148.167057880646	0.02707632249676138	8.652150840426636e-06	4.094509254279502e-07
905	1970-01-01 00:00:00.905	0.19530029437785634	1.1032261339139433	148.4356041993619	0.02712504087436406	7.95492193373838e-06	4.111207033435707e-07
906	1970-01-01 00:00:00.906	0.19565144944779983	1.1033278144952545	148.7048313373598	0.027173812407247627	7.927451770960311e-06	4.125121688156393e-07
907	1970-01-01 00:00:00.907	0.19600247170609564	1.1034398265411844	148.97418198929373	0.027222565487825937	8.390772347241754e-06	4.135388464406227e-07
908	1970-01-01 00:00:00.908	0.19635344440317842	1.1035311168595612	149.2438228018656	0.02727131169804802	8.122799670519804e-06	4.1617211082850074e-07
909	1970-01-01 00:00:00.909	0.1967041728177178	1.1036347417596677	149.51268949736135	0.02732002400813219	7.941700559157367e-06	4.1817841378345594e-07
910	1970-01-01 00:00:00.910	0.19705433688892726	1.1037409171704957	149.78102357056486	0.027368657877008117	7.941127039119019e-06	4.1687604113809146e-07
911	1970-01-01 00:00:00.911	0.19740484724572613	1.103850413831808	150.0499253755828	0.027417339920566396	7.700905508054393e-06	4.248533992266521e-07
912	1970-01-01 00:00:00.912	0.19775523793222682	1.1039638780255878	150.3188586531812	0.027466005265387276	7.755576367346992e-06	4.1377336234076194e-07
913	1970-01-01 00:00:00.913	0.1981052435019455	1.1040854938175528	150.58708361435365	0.027514617081712062	8.296295180644186e-06	4.096223996700765e-07
914	1970-01-01 00:00:00.914	0.19845536549186008	1.1041878643055074	150.85608687218564	0.02756324530827849	8.018282666826291e-06	4.128583647601205e-07
915	1970-01-01 00:00:00.915	0.19880517807555975	1.1043012427595746	151.12432348923662	0.027611830419296275	7.750754244239648e-06	4.140358999489373e-07
916	1970-01-01 00:00:00.916	0.19915471739130436	1.1044180681994986	151.39258794191375	0.027660377419828852	7.72676146041836e-06	4.1672646256037516e-07
917	1970-01-01 00:00:00.917	0.199504125004326	1.1045377181173213	151.66044829555287	0.02770890626578993	7.940768429459077e-06	4.1568498849731476e-07
918	1970-01-01 00:00:00.918	0.19985360093401364	1.1046434129551155	151.92858181267837	0.027757444557640752	7.69719509030269e-06	4.1276275355683716e-07
919	1970-01-01 00:00:00.919	0.20020296364185805	1.1047468261094802	152.19682157658434	0.027805967229321358	7.328787466388361e-06	4.1365601941865786e-07
920	1970-01-01 00:00:00.920	0.2005522467778162	1.1048615628023497	152.46538040774016	0.027854478762093987	7.469544228079648e-06	4.200773694550106e-07
921	1970-01-01 00:00:00.921	0.20090172759844224	1.1049771588922546	152.73416129813933	0.027903017832107312	7.437221182925141e-06	4.1587983568277846e-07
922	1970-01-01 00:00:00.922	0.20125075980654633	1.105110822178081	153.00217982554625	0.0279514944356162	7.764652496721653e-06	4.173635660903606e-07
923	1970-01-01 00:00:00.923	0.20159961019064124	1.1052426518197573	153.269738084922	0.027999945883015596	7.41232491922565e-06	4.298289987546869e-07
924	1970-01-01 00:00:00.924	0.2019485265691282	1.1053642233572851	153.53752820535018	0.028048406564799587	7.395957392905376e-06	4.3410309117671764e-07
925	1970-01-01 00:00:00.925	0.20229717558461804	1.1054519631907154	153.80543746752122	0.028096829920318724	7.223541518370258e-06	4.1807738058967773e-07
926	1970-01-01 00:00:00.926	0.20264595708835514	1.1055718285788607	154.07392070580076	0.02814527178878002	7.264599406875921e-06	4.132548030891127e-07
927	1970-01-01 00:00:00.927	0.20299447642720805	1.1057183083463475	154.34250137948985	0.028193677280062467	8.447850827857886e-06	4.45023024875857e-07
928	1970-01-01 00:00:00.928	0.2033430574682664	1.1058666311945748	154.60946601460617	0.028242091235437316	8.105445392988176e-06	4.242208427946504e-07
929	1970-01-01 00:00:00.929	0.20369142616253802	1.1059843317687963	154.87634829204694	0.028290475884398085	7.679200442843112e-06	4.369803770723241e-07
930	1970-01-01 00:00:00.930	0.20404009695814196	1.1060384767310858	155.14544588785859	0.028338902363289713	6.776026834828842e-06	4.2735530545883944e-07
931	1970-01-01 00:00:00.931	0.20438801844794735	1.1062112687510826	155.41399759223972	0.028387224814654423	9.273522065858306e-06	4.129989162652128e-07
932	1970-01-01 00:00:00.932	0.20473527954921242	1.1063651834479158	155.67943283439212	0.028435455463406145	8.814744203081542e-06	4.193795793465793e-07
933	1970-01-01 00:00:00.933	0.2050831782820379	1.1064813673274212	155.9455352547383	0.0284837748078595	8.120163633445488e-06	4.2490547543456476e-07
934	1970-01-01 00:00:00.934	0.20543151632122103	1.1065461124794034	156.2152642702281	0.028532155120111004	7.542993053239962e-06	4.1587751357767596e-07
935	1970-01-01 00:00:00.935	0.20577902630985428	1.1067322997918112	156.4833507113116	0.028580420282789728	9.31534871740458e-06	4.130923022615665e-07
936	1970-01-01 00:00:00.936	0.20612543948310488	1.1069070032305948	156.74669454291453	0.028628533207019996	9.207881646530166e-06	4.1452149520228635e-07
937	1970-01-01 00:00:00.937	0.2064737898727603	1.106929904007617	157.0156100839609	0.02867691533367956	6.878854284225656e-06	4.1644087927917835e-07
938	1970-01-01 00:00:00.938	0.20682180267546907	1.1071228715253647	157.28642235927725	0.028725250315323143	9.342935009927901e-06	4.1732257598231205e-07
939	1970-01-01 00:00:00.939	0.20716792794965913	1.1073203704771892	157.547656948086	0.028773323370914174	8.58059269664945e-06	4.170382102741174e-07
940	1970-01-01 00:00:00.940	0.20751648142138146	1.1073188509198195	157.81946143700102	0.028821733494446375	7.4967815597448804e-06	4.138488754782683e-07
941	1970-01-01 00:00:00.941	0.20786212919314126	1.107652840282009	158.08425762903647	0.028869740181913135	9.866812891088955e-06	4.1424231596930323e-07
942	1970-01-01 00:00:00.942	0.20821142391247946	1.1075555613595087	158.35261176165355	0.028918253271642307	4.956971775815446e-06	4.1943129519966587e-07
943	1970-01-01 00:00:00.943	0.20855501136856722	1.107906980300269	158.61258557667273	0.028965973807168272	7.822892655223553e-06	4.1969942264164694e-07
944	1970-01-01 00:00:00.944	0.20890433720566515	1.107893274133287	158.88981262490225	0.02901449129463898	8.24156406766878e-06	4.2003056002842325e-07
945	1970-01-01 00:00:00.945	0.20925037341675828	1.1079975030861589	159.14493104760294	0.029062551907499786	7.797608655390208e-07	4.3115677788441655e-07
946	1970-01-01 00:00:00.946	0.20959333978584577	1.108168226033127	159.40755645808935	0.02911018616446378	2.341068125978752e-06	4.25991545743569e-07
947	1970-01-01 00:00:00.947	0.20993875276281493	1.108471254821894	159.67650112076456	0.029158160050390965	8.115496836624674e-06	4.198570329451996e-07
948	1970-01-01 00:00:00.948	0.21029126916033172	1.108406268918452	159.9572159813407	0.029207120720456118	7.12764523546389e-06	4.2414439446201835e-07
949	1970-01-01 00:00:00.949	0.21063525513767045	1.108531873881699	160.20837234430644	0.029254896588204637	1.3411618886476156e-06	4.2462026542027367e-07
950	1970-01-01 00:00:00.950	0.2109781587021165	1.1089249211999301	160.47810129438517	0.029302522031659964	1.0215538496364351e-05	4.2059249013573853e-07
951	1970-01-01 00:00:00.951	0.2113301971321804	1.1088368444425132	160.75605506213608	0.0293514162805249	5.61675844353159e-06	5.348729832065975e-07
952	1970-01-01 00:00:00.952	0.21167227797437463	1.1091213942299312	161.0101851564543	0.02939892759696679	7.18258211831718e-06	4.1577604272288563e-07
953	1970-01-01 00:00:00.953	0.21202141217898496	1.1093251253591014	161.29188057804475	0.029447418345956298	1.1628212166244103e-05	4.19331853723165e-07
954	1970-01-01 00:00:00.954	0.21236969850681106	1.1091410151938528	161.55328943415998	0.02949579151938526	1.6304290269568634e-06	4.2669394364514e-07
955	1970-01-01 00:00:00.955	0.21270968526989134	1.109314721959341	161.8050226428321	0.029543011840168245	-1.0368283538564668e-06	4.291196582840673e-07
956	1970-01-01 00:00:00.956	0.21305314051489324	1.1094720753888059	162.06779801423426	0.029590714030401546	-7.625109671742379e-07	4.2844337432561365e-07
957	1970-01-01 00:00:00.957	0.2133977743158821	1.109640855609327	162.3327331632204	0.029638579745710512	1.1245150800967904e-07	4.2863740074276594e-07
958	1970-01-01 00:00:00.958	0.2137430576395001	1.1097917747755677	162.59848814469285	0.029686535837880654	9.416741280584396e-08	4.2820680260749466e-07
959	1970-01-01 00:00:00.959	0.21408845540576263	1.1099513450524277	162.86467448233324	0.029734507697594503	5.22664756638206e-07	4.291185549474835e-07
960	1970-01-01 00:00:00.960	0.21443375320292538	1.110102718124945	163.1305349458102	0.02978246577936382	5.662200617331923e-07	4.291000291120615e-07
961	1970-01-01 00:00:00.961	0.2147789843427665	1.1102580770519264	163.39680681477563	0.02983041444679538	8.119994780481354e-07	4.289160106009157e-07
962	1970-01-01 00:00:00.962	0.2151241544949762	1.110416491186321	163.66295499735588	0.029878354793759915	1.021422758349198e-06	4.286638688374195e-07
963	1970-01-01 00:00:00.963	0.21546924613690424	1.1105653982908994	163.92902163686017	0.029926284226059377	1.0858031611532022e-06	4.2859402476541655e-07
964	1970-01-01 00:00:00.964	0.21581439991177767	1.1107222776356418	164.19506639611822	0.029974222210851345	1.2187720423670049e-06	4.263824254898516e-07
965	1970-01-01 00:00:00.965	0.21615929114569596	1.1108783503912776	164.46150517013982	0.03002212379231513	1.5094858862454938e-06	4.2774642733990957e-07
966	1970-01-01 00:00:00.966	0.2165044237010989	1.111032605098901	164.7281026989011	0.03007005879120879	1.671864020576703e-06	4.270452597615293e-07
967	1970-01-01 00:00:00.967	0.21684923121473906	1.1111902939880112	164.99396488892808	0.030117948827574046	1.6612583466140692e-06	4.2456975245993587e-07
968	1970-01-01 00:00:00.968	0.2171939876717154	1.1113427477104614	165.2600930345192	0.030165831631736525	1.892361616202888e-06	4.2427328213754457e-07
969	1970-01-01 00:00:00.969	0.21753850483814216	1.1115001653764955	165.52619539936666	0.03021368119809993	2.1714798161030965e-06	4.244611269865896e-07
970	1970-01-01 00:00:00.970	0.21788377816827342	1.1116522212971078	165.79339343558283	0.03026163585977213	2.0458203190807185e-06	4.3027825007667386e-07
971	1970-01-01 00:00:00.971	0.21822961403310107	1.1117735140243903	166.06330826655054	0.030309668598432055	1.5543421298484322e-06	4.4304583530449444e-07
972	1970-01-01 00:00:00.972	0.21857494338814062	1.111893887528424	166.33205335840475	0.03035763097691097	1.223917450402309e-06	4.3629123874347135e-07
973	1970-01-01 00:00:00.973	0.21891969176366843	1.1120765064373896	166.597433659612	0.03040551276631393	2.950793825787478e-06	4.1593619679568064e-07
974	1970-01-01 00:00:00.974	0.2192618603549776	1.1123339644143748	166.85838510675686	0.030453036212986555	4.79423812551709e-06	4.259322690280091e-07
975	1970-01-01 00:00:00.975	0.21960451526529176	1.112487445443328	167.12149897761327	0.03050062709413009	3.425836075565838e-06	4.2522315813521516e-07
976	1970-01-01 00:00:00.976	0.2199487002657925	1.1126260655621512	167.3870790998494	0.03054843054930451	2.6876858180535127e-06	4.2430171909353287e-07
977	1970-01-01 00:00:00.977	0.22029446016560958	1.1126947433051444	167.65754334918958	0.030596452697322057	1.5274969144475864e-06	4.223786353424094e-07
978	1970-01-01 00:00:00.978	0.2206393782566798	1.1128845395532194	167.92623920280334	0.030644358098116515	4.037810864908541e-06	4.181889336481739e-07
979	1970-01-01 00:00:00.979	0.22098276187587904	1.1131042888537273	168.190617721519	0.030692050366561183	5.3602643742862166e-06	4.180389414764654e-07
980	1970-01-01 00:00:00.980	0.22132451421364724	1.1133092056819187	168.451058545004	0.030739515856270466	5.3587512745933266e-06	4.213077551388361e-07
981	1970-01-01 00:00:00.981	0.2216671772330482	1.113465044087823	168.7146793051759	0.030787107932281104	4.560117230358875e-06	4.237156438556628e-07
982	1970-01-01 00:00:00.982	0.22201125659223817	1.1135735668970406	168.98148956228957	0.030834896698564592	2.967028517464115e-06	4.2047651164185225e-07
983	1970-01-01 00:00:00.983	0.222356978929355	1.1136982102676611	169.25308648530057	0.030882913823606844	3.805931128364195e-06	4.2245837582262497e-07
984	1970-01-01 00:00:00.984	0.22270130642321773	1.1138864366393586	169.52097727035036	0.030930736969670556	5.759268572532604e-06	4.2034642158421225e-07
985	1970-01-01 00:00:00.985	0.22304499719101123	1.1140703665514262	169.78701337942957	0.030978471788245462	5.943944879140017e-06	4.2312576917026597e-07
986	1970-01-01 00:00:00.986	0.2233883596612513	1.11425637366056	170.0544286812997	0.03102616112080885	5.9729747225337026e-06	4.231499817656386e-07
987	1970-01-01 00:00:00.987	0.22373283246004713	1.1144307014234565	170.32360006113004	0.03107400459523186	6.187885271628766e-06	4.2530045148591895e-07
988	1970-01-01 00:00:00.988	0.22407718853503183	1.1146434092138557	170.59248658930284	0.03112183176249891	7.73981431772723e-06	4.245106546144674e-07
989	1970-01-01 00:00:00.989	0.2244216305228245	1.1148427041110238	170.85986140350877	0.03116967091734311	7.169172869333159e-06	4.2380047860664167e-07
990	1970-01-01 00:00:00.990	0.22476273558049126	1.1149821734405372	171.11755848206397	0.03121704663103022	6.296128296975614e-06	4.209339308376809e-07
991	1970-01-01 00:00:00.991	0.22510101805987387	1.1151545906547038	171.37330355334458	0.031264030316247665	6.9785771463671484e-06	4.180299193781831e-07
992	1970-01-01 00:00:00.992	0.22544268333923828	1.115274428432241	171.6363860938884	0.03131148376527901	4.692074007406554e-06	4.1758403945553527e-07
993	1970-01-01 00:00:00.993	0.22578719007646855	1.115407983142162	171.90829632429615	0.03135933198209941	6.555990943607055e-06	4.217158236169147e-07
994	1970-01-01 00:00:00.994	0.22613109304137094	1.1155912396572616	172.1759066210836	0.03140709628873117	6.9884233708854075e-06	4.1809562860009165e-07
995	1970-01-01 00:00:00.995	0.2264736304083933	1.1157753440561866	172.4439525275297	0.0314546708514697	6.697573813939999e-06	4.266533988166952e-07
996	1970-01-01 00:00:00.996	0.22681864048304123	1.115994299938966	172.71483221728136	0.031502588944982125	7.837764672649404e-06	4.4854910658976936e-07
997	1970-01-01 00:00:00.997	0.22716167460886286	1.11619195848265	172.98020518311338	0.03155023261165982	6.5258349907385716e-06	4.449096794774926e-07
998	1970-01-01 00:00:00.998	0.22750297373464587	1.1163315649446817	173.23962521996688	0.03159763532276331	6.257234381069518e-06	4.215151351031743e-07
999	1970-01-01 00:00:00.999	0.22784359024157108	1.1164991957768509	173.50635523114354	0.03164494307264512	7.673165731876955e-06	4.3247239902596715e-07
1000	1970-01-01 00:00:01.000	0.22802015837421163	1.1162531996320955	173.71049656622284	0.031669466396285914	7.623090992477925e-06	4.65497559579802e-07
1001	1970-01-01 00:00:01.001	0.2277985167425968	1.115683888645523	173.61441293148766	0.03163868288242509	6.279836876561241e-06	4.311875315276677e-07
1002	1970-01-01 00:00:01.002	0.22747823762850672	1.1153871241505489	173.383108024046	0.031594199768252305	6.6210626750304934e-06	4.2596183864040496e-07
1003	1970-01-01 00:00:01.003	0.2271421331994762	1.1152312494107377	173.1298583587953	0.031547518422522916	8.35450767526757e-06	4.4955462205107236e-07
1004	1970-01-01 00:00:01.004	0.22680271822807016	1.1150526546491228	172.86673563157893	0.03150037753508772	5.982481769484737e-06	4.306754789799078e-07
1005	1970-01-01 00:00:01.005	0.22645757815702622	1.1148474588327253	172.5948845839847	0.031452441480805976	6.690306827630189e-06	4.1915836605673787e-07
1006	1970-01-01 00:00:01.006	0.22611574143689656	1.1146689422458034	172.33286088544838	0.03140496414108028	7.14766348217274e-06	4.292627057519538e-07
1007	1970-01-01 00:00:01.007	0.22577502354889314	1.1145311252396723	172.07231569635698	0.031357642183196796	7.675427652378421e-06	4.5305844625735294e-07
1008	1970-01-01 00:00:01.008	0.22543408057087821	1.1143601493739603	171.8070815953069	0.03131028896506435	5.54878821374398e-06	4.4223447621063734e-07
1009	1970-01-01 00:00:01.009	0.2250881195126212	1.1141587183160102	171.53359075901827	0.03126223898244388	6.59604847647218e-06	4.1852263025474154e-07
1010	1970-01-01 00:00:01.010	0.22474455651495448	1.1139551064586044	171.268122236671	0.031214521691374078	6.086203820762436e-06	4.204070132736335e-07
1011	1970-01-01 00:00:01.011	0.22440369777313848	1.113807984777314	171.0076628914405	0.031167180247042448	7.025524612700069e-06	4.256016213719043e-07
1012	1970-01-01 00:00:01.012	0.22406193963979715	1.1136696860465116	170.74529593460394	0.03111971384507781	7.4842590284000694e-06	4.210397437178112e-07
1013	1970-01-01 00:00:01.013	0.22372017966442365	1.1135359393515687	170.48160784759241	0.031072247099536834	7.006219104040024e-06	4.2445320853295076e-07
1014	1970-01-01 00:00:01.014	0.22337638220907646	1.1133344015539468	170.2098507858026	0.031024497489846373	5.941269950234857e-06	4.264301988531669e-07
1015	1970-01-01 00:00:01.015	0.2230280775390625	1.1131688470348011	169.9338918412642	0.030976121913174715	6.24235301902761e-06	4.2028878963161125e-07
1016	1970-01-01 00:00:01.016	0.22268358745011085	1.1129834675831485	169.66568329046564	0.030928276073614192	4.991973330445233e-06	4.213035165469578e-07
1017	1970-01-01 00:00:01.017	0.22234088199031263	1.1127433075297226	169.4028925847644	0.030880678114487012	3.4235137465618675e-06	4.2468438593861424e-07
1018	1970-01-01 00:00:01.018	0.2220000495269797	1.1125646116853538	169.14282899439382	0.030833340190084095	4.938678304604503e-06	4.195465620234604e-07
1019	1970-01-01 00:00:01.019	0.22165725136506825	1.112428147882394	168.87756822716136	0.030785729383094155	5.423004249407596e-06	4.165266182745021e-07
1020	1970-01-01 00:00:01.020	0.221313612165858	1.1123052200264667	168.61062940449932	0.030738001703573003	6.239433409778562e-06	4.1865081276411444e-07
1021	1970-01-01 00:00:01.021	0.22096758215202195	1.1121692850190248	168.33968542606848	0.03068994202636935	5.304728026961331e-06	4.2386747290522177e-07
1022	1970-01-01 00:00:01.022	0.22062340025546162	1.111993730620155	168.07310525017618	0.03064213895172657	4.607983256160148e-06	4.275470788175418e-07
1023	1970-01-01 00:00:01.023	0.22028042972710413	1.1118282464011304	167.80793046895698	0.030594504108451822	3.901470416022256e-06	4.2693297948311724e-07
1024	1970-01-01 00:00:01.024	0.21993674026008492	1.111585092710545	167.54349852264684	0.0305467694435598	1.6809442915207005e-06	4.2255793093486524e-07
1025	1970-01-01 00:00:01.025	0.21959506915006172	1.1114047384940928	167.2829954769882	0.030499315154293778	3.0859787135987476e-06	4.1892715242508714e-07
1026	1970-01-01 00:00:01.026	0.21925056833789391	1.111326286168241	167.01491514696795	0.03045146788419101	4.745254230423691e-06	4.2162943693490464e-07
1027	1970-01-01 00:00:01.027	0.21890474045398559	1.111176587893718	166.74550352806617	0.03040343628717227	4.072939052181067e-06	4.24604939257091e-07
1028	1970-01-01 00:00:01.028	0.21856117632206232	1.1110106928577734	166.4799909861393	0.030355718945881523	2.902346779715723e-06	4.263272865226364e-07
1029	1970-01-01 00:00:01.029	0.2182167997700743	1.1108510145914396	166.21404415458082	0.030307888967102938	2.7592519231614785e-06	4.252167956125175e-07
1030	1970-01-01 00:00:01.030	0.21787289396406762	1.1106701211611647	165.9488993450748	0.030260124226037705	2.0511299579307904e-06	4.2453926296782777e-07
1031	1970-01-01 00:00:01.031	0.2175291365855816	1.1104397899159664	165.6851241839894	0.030212380130915525	4.7388770193277305e-07	4.217615322611319e-07
1032	1970-01-01 00:00:01.032	0.21718576662548536	1.110340329774091	165.42118858100952	0.030164689809389342	3.4813180503860747e-06	4.194583669017504e-07
1033	1970-01-01 00:00:01.033	0.21683999155730532	1.110231135695538	165.15236237970254	0.03011666559755031	3.2291565156348205e-06	4.2641273875626474e-07
1034	1970-01-01 00:00:01.034	0.21649562669060968	1.110065280746321	164.8863836107218	0.030068837112824105	2.4742265132033988e-06	4.26890058439237e-07
1035	1970-01-01 00:00:01.035	0.2161511889810322	1.1098948987207764	164.62019303925894	0.030020998569033966	1.2424470456612261e-06	4.253058125439817e-07
1036	1970-01-01 00:00:01.036	0.21580632708591674	1.1097227386182462	164.35439960141719	0.0299731009955713	1.0554447747679365e-06	4.226448121352678e-07
1037	1970-01-01 00:00:01.037	0.21546140217795484	1.1095855697211154	164.08785640548916	0.029925194796812746	1.0770831685984948e-06	4.228652065862951e-07
1038	1970-01-01 00:00:01.038	0.21511658123729563	1.1094313336279276	163.82190732655766	0.02987730301723376	1.0251295058462218e-06	4.2350013452095894e-07
1039	1970-01-01 00:00:01.039	0.21477112463819273	1.1092849897635015	163.55537784151076	0.029829322940345925	1.1892462067534416e-06	4.245964959746998e-07
1040	1970-01-01 00:00:01.040	0.2144260997811433	1.1091370584785083	163.2896352884531	0.02978140273833494	1.916302490561149e-06	4.271344966385293e-07
1041	1970-01-01 00:00:01.041	0.21408194762280008	1.1089826931091848	163.02493943612643	0.029733603814026795	1.57078322815848e-06	4.274995097267464e-07
1042	1970-01-01 00:00:01.042	0.21373609392617157	1.1088241154551008	162.7583543851994	0.029685568665677634	1.5950436154647002e-06	4.268012724216827e-07
1043	1970-01-01 00:00:01.043	0.21339209325911107	1.1087749740801949	162.49500788901452	0.02963779076715665	5.664262259711229e-06	4.2206662720996026e-07
1044	1970-01-01 00:00:01.044	0.21304836144153672	1.108803448850119	162.2418660058155	0.029590050149792935	1.2103882218723235e-05	4.226180457294972e-07
1045	1970-01-01 00:00:01.045	0.21271015944909344	1.108352108002092	161.98421264818688	0.02954307764121339	5.208580690510809e-06	5.223919026264614e-07
1046	1970-01-01 00:00:01.046	0.2123583851245489	1.1081451266613855	161.69834700290468	0.029494220169879414	-5.684432604621071e-07	4.2878563873587673e-07
1047	1970-01-01 00:00:01.047	0.21200935377011895	1.1081313008222533	161.42833365990202	0.029445743600419873	3.6196360833143807e-06	4.1885423175297297e-07
1048	1970-01-01 00:00:01.048	0.21166628760999648	1.1082454588173178	161.17552544878563	0.029398095514783524	1.1612780637611756e-05	4.141074647347945e-07
1049	1970-01-01 00:00:01.049	0.2113276778038398	1.1077686465989054	160.92180080792286	0.029351066347841195	6.731392849552602e-06	4.499404882485837e-07
1050	1970-01-01 00:00:01.050	0.21097619854507663	1.107665454230536	160.63684558759851	0.029302249815536505	3.0947976099230106e-06	4.210705106555174e-07
1051	1970-01-01 00:00:01.051	0.2106293913785781	1.1076335735156715	160.37030698207764	0.02925408210821371	4.030933087454344e-06	4.1837992692610455e-07
1052	1970-01-01 00:00:01.052	0.2102834478971565	1.1074759838242805	160.10394465349907	0.029206034445768775	3.620238012777116e-06	4.188094998298435e-07
1053	1970-01-01 00:00:01.053	0.2099382776283095	1.107428796418473	159.84081369205725	0.02915809403307343	7.426671858431154e-06	4.1514470889082606e-07
1054	1970-01-01 00:00:01.054	0.20959329959996523	1.1072170566136186	159.58566259674754	0.029110180444386468	1.0567254074883034e-05	4.161095761757677e-07
1055	1970-01-01 00:00:01.055	0.20924747183744055	1.1069257284046692	159.30765149156937	0.02906214891742326	3.006162741433636e-06	4.218016589617266e-07
1056	1970-01-01 00:00:01.056	0.208899643971508	1.1070795385684502	159.0449567581654	0.029013839464906183	1.0564886535212822e-05	4.119706874772248e-07
1057	1970-01-01 00:00:01.057	0.20855684694990048	1.1066011302241066	158.78414171497795	0.028966228660552044	5.266391590291598e-06	4.178528579995467e-07
1058	1970-01-01 00:00:01.058	0.20820737411101475	1.1067620687771031	158.50992611448396	0.028917690790980055	9.125144497306158e-06	4.1257716034846366e-07
1059	1970-01-01 00:00:01.059	0.2078630973394575	1.1063713777623712	158.25142341624056	0.028869874590519113	6.829926148099744e-06	4.1618996340464103e-07
1060	1970-01-01 00:00:01.060	0.20751406095295957	1.1065059244922757	157.9781887779899	0.028821397378059364	1.018336032091564e-05	4.11787229226206e-07
1061	1970-01-01 00:00:01.061	0.20716949018707778	1.1060741545123853	157.71593359605058	0.028773540239043827	5.2989246772839075e-06	4.2765705709822594e-07
1062	1970-01-01 00:00:01.062	0.20681967705559906	1.106186484642826	157.44787682937442	0.028724955167493255	1.157338020973906e-05	4.1644046890687693e-07
1063	1970-01-01 00:00:01.063	0.2064743095918898	1.105904322675678	157.1773458192531	0.028676987384975306	5.660590854429425e-06	4.210550443153638e-07
1064	1970-01-01 00:00:01.064	0.20612666795440704	1.1057770800487254	156.91614812494564	0.02862870392760811	8.875563817088663e-06	4.372166338176094e-07
1065	1970-01-01 00:00:01.065	0.2057788054688854	1.1057998765817298	156.6460616224649	0.02858038959785058	1.1154859364573582e-05	4.0977571922892626e-07
1066	1970-01-01 00:00:01.066	0.20543300471395085	1.1055168301067801	156.3785393263304	0.028532361770987065	6.949802866766213e-06	4.131883381027808e-07
1067	1970-01-01 00:00:01.067	0.20508498857291937	1.10535725106531	156.11411841899294	0.028484026157057137	8.319797978071222e-06	4.1260467360550313e-07
1068	1970-01-01 00:00:01.068	0.2047367978629137	1.1053305543393275	155.84695776214056	0.028435666364347145	1.0429985588961862e-05	4.2598610183597124e-07
1069	1970-01-01 00:00:01.069	0.20438933194516745	1.1052371521776854	155.5764399531494	0.02838740722280063	9.785558821035919e-06	4.120617889453421e-07
1070	1970-01-01 00:00:01.070	0.20404246628655992	1.1049960443071032	155.31008022284124	0.02833923145978412	7.600791630181058e-06	4.182086243167906e-07
1071	1970-01-01 00:00:01.071	0.2036940369197397	1.1048595045553145	155.04410072017353	0.02829083847635575	8.645291203332233e-06	4.1857382365834055e-07
1072	1970-01-01 00:00:01.072	0.20334569242081446	1.1047576935259311	154.77698546815176	0.028242457259832925	9.029615543240515e-06	4.2100208851425295e-07
1073	1970-01-01 00:00:01.073	0.2029976944550669	1.104673412045889	154.5097524595863	0.028194124152616025	1.0011454286348863e-05	4.0952061471017644e-07
1074	1970-01-01 00:00:01.074	0.20264938243149497	1.1045755853277837	154.240874800555	0.028145747526014567	1.019451785538962e-05	4.121847573712606e-07
1075	1970-01-01 00:00:01.075	0.20230104622322437	1.1044438817101725	153.97291061486428	0.02809736758737317	9.832028464233805e-06	4.12180702089664e-07
1076	1970-01-01 00:00:01.076	0.20195302644757432	1.1043013835854634	153.70550074769605	0.028049031415406014	9.831408841834463e-06	4.1256439888744717e-07
1077	1970-01-01 00:00:01.077	0.20160450611410682	1.1041628798921552	153.43808275352237	0.02800062590450513	9.112288897160375e-06	4.1202604109877056e-07
1078	1970-01-01 00:00:01.078	0.20125617276917723	1.1040410362671769	153.17029569490347	0.027952246253261436	9.061147396155853e-06	4.1083577656747964e-07
1079	1970-01-01 00:00:01.079	0.20090769610874665	1.1039149521410578	152.9029713454356	0.027903846683748804	9.32057059594493e-06	4.1158410947157025e-07
1080	1970-01-01 00:00:01.080	0.2005588830121528	1.1038001521701388	152.63528125	0.0278554004375	9.597906718947916e-06	4.078522457388069e-07
1081	1970-01-01 00:00:01.081	0.20020973080523535	1.1036931601802895	152.36716213920428	0.027806907081563664	9.822563955343676e-06	4.1343262236717666e-07
1082	1970-01-01 00:00:01.082	0.19986051673469388	1.1035696600086844	152.09908099869736	0.027758405161094225	9.610651382613981e-06	4.089792432570955e-07
1083	1970-01-01 00:00:01.083	0.19951133237872082	1.1034482570511153	151.83110274234141	0.027709907294975265	9.809184801706153e-06	4.129977169219932e-07
1084	1970-01-01 00:00:01.084	0.1991617714904304	1.1033299232701135	151.56310433012905	0.02766135709967957	9.896909830391616e-06	4.1275225402970344e-07
1085	1970-01-01 00:00:01.085	0.19881238980991234	1.1032008084367677	151.2947896797153	0.027612831911292424	9.621731585776408e-06	4.1221986182675264e-07
1086	1970-01-01 00:00:01.086	0.19846320242781582	1.1030845786872452	151.02654324113414	0.027564333660799446	9.30280950646406e-06	4.1257387365741786e-07
1087	1970-01-01 00:00:01.087	0.1981137415900815	1.1029690712675568	150.75779521414947	0.027515797330501128	8.968028630493324e-06	4.1573185431384416e-07
1088	1970-01-01 00:00:01.088	0.1977639417764298	1.1028768240901212	150.48896397746967	0.02746721417764298	9.273569674609098e-06	4.153030928466744e-07
1089	1970-01-01 00:00:01.089	0.19741375427335642	1.1027909803633218	150.22021707612458	0.027418576916089968	9.689182603650692e-06	4.0763847936438267e-07
1090	1970-01-01 00:00:01.090	0.1970635816027088	1.102701715749262	149.95194996527175	0.027369941816287553	1.0613289734331255e-05	4.096291153508881e-07
1091	1970-01-01 00:00:01.091	0.19671363001384323	1.1025685259560478	149.68429574320817	0.027321337419968856	1.0412937176366154e-05	4.059668827979505e-07
1092	1970-01-01 00:00:01.092	0.19636365381547	1.1024010848074923	149.41656246964968	0.02727272968348942	9.729428071283473e-06	4.0992953220734447e-07
1093	1970-01-01 00:00:01.093	0.19601348009876973	1.1023056200831745	149.14615478253336	0.027224094530410674	8.70465760049385e-06	4.087277508765636e-07
1094	1970-01-01 00:00:01.094	0.1956629052718002	1.1022572527007173	148.87720212600468	0.02717540352519229	9.892363516926799e-06	4.0575945097825356e-07
1095	1970-01-01 00:00:01.095	0.19531203613059667	1.1021666875378886	148.60915947865246	0.027126671679224043	1.0641878665813979e-05	4.073250284744809e-07
1096	1970-01-01 00:00:01.096	0.1949613700155898	1.1019762600900744	148.3415100034644	0.027077968014896935	9.872804166686298e-06	4.060794628171764e-07
1097	1970-01-01 00:00:01.097	0.1946110781536598	1.1018915281190518	148.07073055026822	0.027029316393839764	8.862310989076829e-06	4.0665288460605365e-07
1098	1970-01-01 00:00:01.098	0.19425997456322436	1.1018709799342674	147.80191673585884	0.026980551945165198	1.0563682786733264e-05	4.060830186613139e-07
1099	1970-01-01 00:00:01.099	0.19390846861339092	1.1016942768898488	147.53445593952483	0.026931731854859614	1.0261332306829373e-05	4.111220705565966e-07
1100	1970-01-01 00:00:01.100	0.19355787060145177	1.1015861132907017	147.26401240926373	0.026883037535430348	8.835404014008988e-06	4.14290319215239e-07
1101	1970-01-01 00:00:01.101	0.1932062084227839	1.1015728021121884	146.99490173995844	0.026834195607686982	1.0544944645773027e-05	4.08029303138207e-07
1102	1970-01-01 00:00:01.102	0.1928549014422662	1.1013655928836688	146.72722172899213	0.02678540301062268	9.596166737416875e-06	4.1214190440856773e-07
1103	1970-01-01 00:00:01.103	0.19250354743335346	1.101341977309982	146.45601219049263	0.026736603830558193	9.66639657181175e-06	4.0612971047389445e-07
1104	1970-01-01 00:00:01.104	0.192151069650108	1.1012384596976244	146.18799738228944	0.026687648609935208	1.1299700209908164e-05	4.078736697350334e-07
1105	1970-01-01 00:00:01.105	0.19179967897418188	1.1010979427510579	145.91727130645023	0.026638844256109143	8.637947641891892e-06	4.0856830495631126e-07
1106	1970-01-01 00:00:01.106	0.19144700634399306	1.1010796477095937	145.64845401037167	0.02658986202506482	1.1375737603755921e-05	4.0284777255409195e-07
1107	1970-01-01 00:00:01.107	0.19109550576341486	1.1008990682623347	145.37849756329388	0.02654104245571589	8.484583724679858e-06	4.1519077022146967e-07
1108	1970-01-01 00:00:01.108	0.19074270519368475	1.1008981870416703	145.1092431196618	0.026492042379432316	1.1459019674462944e-05	4.045932808124871e-07
1109	1970-01-01 00:00:01.109	0.19039084437731943	1.1007249077414345	144.8389677655994	0.026443172849745407	8.487739229044706e-06	4.053204099046108e-07
1110	1970-01-01 00:00:01.110	0.19003761148148146	1.1006993554694229	144.5698687424634	0.02639411271748493	1.1103297803003446e-05	4.0920181591541355e-07
1111	1970-01-01 00:00:01.111	0.18968563431059757	1.1005865300508753	144.29922743813054	0.02634522696904372	9.211232683026989e-06	4.075979411343618e-07
1112	1970-01-01 00:00:01.112	0.18933212973625235	1.1004825199103603	144.03050740389588	0.02629612908464058	1.0131640162476641e-05	4.0870456650564536e-07
1113	1970-01-01 00:00:01.113	0.18897993729324605	1.1004683263266712	143.75965090454858	0.026247213508787042	1.0376418662054618e-05	4.034048431689785e-07
1114	1970-01-01 00:00:01.114	0.18862651575366063	1.1002823945736435	143.4906111627907	0.026198127180878553	9.41949722907838e-06	4.0409084456920207e-07
1115	1970-01-01 00:00:01.115	0.18827278897969718	1.1002768926359257	143.22031260323467	0.026148998497935304	1.0979967973191543e-05	4.044357527077297e-07
1116	1970-01-01 00:00:01.116	0.18791996317558832	1.1001860258598397	142.94932742866993	0.02609999490819757	9.62604582055616e-06	4.0518613131125304e-07
1117	1970-01-01 00:00:01.117	0.18756615256233877	1.1000501545141874	142.68060501289767	0.026050854510748067	1.0146625940478934e-05	4.062199359066986e-07
1118	1970-01-01 00:00:01.118	0.18721236047212889	1.100016979753597	142.41048255363143	0.026001716687343843	1.0591430891663564e-05	4.0300382121514027e-07
1119	1970-01-01 00:00:01.119	0.1868585707476555	1.0999671740514498	142.13910639249764	0.025952579254925577	1.0389915656112019e-05	4.029153225436299e-07
1120	1970-01-01 00:00:01.120	0.1865044546581712	1.0998302941277769	141.86878243499226	0.02590339652918891	9.201046248949544e-06	4.019891853644331e-07
1121	1970-01-01 00:00:01.121	0.18615005167398224	1.0997534102762716	141.5990362940012	0.025854173912557017	9.926431171910663e-06	4.087224878075372e-07
1122	1970-01-01 00:00:01.122	0.18579580487322733	1.0997221459389772	141.32870318006016	0.02580497293167168	1.0754320175620971e-05	4.0306489241798823e-07
1123	1970-01-01 00:00:01.123	0.18544111436065008	1.0996690882277065	141.05723313268552	0.025755710231318254	1.0536326056522487e-05	4.0424954562632737e-07
1124	1970-01-01 00:00:01.124	0.1850866446259673	1.0995686369733448	140.78652635425624	0.025706478475494413	9.664369062037834e-06	4.0238976213683127e-07
1125	1970-01-01 00:00:01.125	0.18473160016306214	1.0994748198592517	140.51612332646755	0.02565716676536217	9.903619583261243e-06	4.022812768472017e-07
1126	1970-01-01 00:00:01.126	0.1843763567688214	1.0994126444329986	140.2455035453687	0.025607827349128684	9.987420450427505e-06	4.0850711167427666e-07
1127	1970-01-01 00:00:01.127	0.18402118217566757	1.0993535413411177	139.97481777281703	0.025558497497209582	1.0309546294273203e-05	4.0442839411933315e-07
1128	1970-01-01 00:00:01.128	0.18366583394526895	1.0993000658831604	139.70362403705929	0.025509143583254696	1.0059225925406451e-05	4.013560713817284e-07
1129	1970-01-01 00:00:01.129	0.1833101460832261	1.0992352448734448	139.43255836121836	0.02545974248219648	1.0325229798817333e-05	4.0083595901499565e-07
1130	1970-01-01 00:00:01.130	0.1829541837466747	1.0991722315283619	139.16137887239339	0.025410303288423582	1.0434321816656655e-05	4.0498918060787777e-07
1131	1970-01-01 00:00:01.131	0.18259858141926635	1.0991037351731232	138.89066993486458	0.025360914162667125	1.014057904613987e-05	4.1016350224166746e-07
1132	1970-01-01 00:00:01.132	0.18224234476933632	1.0990548796089865	138.61922345223803	0.025311436845309555	1.022132866900283e-05	4.006012014636304e-07
1133	1970-01-01 00:00:01.133	0.18188603400480027	1.098992010714898	138.34822477284416	0.025261949234527684	1.0326645171661237e-05	4.020911787037604e-07
1134	1970-01-01 00:00:01.134	0.18152963210616438	1.0989320225171233	138.07675192636987	0.02521244886472603	1.0042494668392123e-05	4.046666405716276e-07
1135	1970-01-01 00:00:01.135	0.18117288956402333	1.0988806012701682	137.8053255320975	0.025162901368005496	1.0104744410002231e-05	4.0342604138809577e-07
1136	1970-01-01 00:00:01.136	0.18081605286656954	1.0988319497814723	137.53386956894335	0.025113340763561573	1.0274864946531836e-05	4.0122880388758507e-07
1137	1970-01-01 00:00:01.137	0.18045874333875245	1.0987911609480618	137.26215056045177	0.025063714369812615	1.021989952103012e-05	4.0082829380820117e-07
1138	1970-01-01 00:00:01.138	0.18010141686365191	1.0987485178999656	136.9905022953066	0.025014085638917435	1.0688993936089413e-05	3.986431059852825e-07
1139	1970-01-01 00:00:01.139	0.17974408943854844	1.0986927362204724	136.71942683156453	0.02496445678106813	1.0757123091068555e-05	4.0136507997770376e-07
1140	1970-01-01 00:00:01.140	0.179386137232586	1.0986277425979805	136.44749709053568	0.024914741341776486	1.0448024535577614e-05	4.0179739305598213e-07
1141	1970-01-01 00:00:01.141	0.17902839323295405	1.0985589451621183	136.17566944135513	0.024865054526477887	9.738664045708615e-06	4.049377723972639e-07
1142	1970-01-01 00:00:01.142	0.17867040593010342	1.0985513971631207	135.90370524651797	0.02481533412971033	1.0203636843564043e-05	4.0055446546577677e-07
1143	1970-01-01 00:00:01.143	0.17831217491447143	1.0985413745295929	135.63162706123845	0.024765579818679436	1.0720898104480842e-05	4.004395071689691e-07
1144	1970-01-01 00:00:01.144	0.17795324992320818	1.0984752546075085	135.35989421501708	0.024715729156996585	1.0863460779885665e-05	3.976138019464751e-07
1145	1970-01-01 00:00:01.145	0.17759455888337894	1.0983955956737348	135.08772265731875	0.024665910904582762	9.797095046060789e-06	3.973668729848679e-07
1146	1970-01-01 00:00:01.146	0.1772358546029035	1.0983961369769428	134.81512870196414	0.02461609091972673	9.679959671847138e-06	4.004440577206498e-07
1147	1970-01-01 00:00:01.147	0.17687639522752496	1.098392966874413	134.5432206864168	0.02456616597199693	1.1168843198194315e-05	3.9970349714375567e-07
1148	1970-01-01 00:00:01.148	0.17651707989585114	1.0982913122759093	134.27138486426497	0.024516261123442032	1.0222264575244152e-05	3.9716147668403506e-07
1149	1970-01-01 00:00:01.149	0.1761575518531141	1.0983227310215558	133.99818499616597	0.024466326552781803	1.0432685557919401e-05	3.9684926511896757e-07
1150	1970-01-01 00:00:01.150	0.17579736217713748	1.0982774908362458	133.72643130167933	0.02441630024550337	1.1159584136629274e-05	3.991692408727734e-07
1151	1970-01-01 00:00:01.151	0.17543758862066025	1.0982238351104665	133.45342008018426	0.024366331671926984	9.543955550900794e-06	4.001386286731666e-07
1152	1970-01-01 00:00:01.152	0.17507705550259595	1.0982617156353733	133.18077367435527	0.02431625770363435	1.1142689912046745e-05	4.011738248022726e-07
1153	1970-01-01 00:00:01.153	0.17471661712801295	1.0981622062004939	132.9084861596116	0.024266196833319136	9.716191730696534e-06	4.008250224131137e-07
1154	1970-01-01 00:00:01.154	0.1743557983589831	1.0982232659637787	132.6354729104668	0.024216083119632685	1.1101248762812176e-05	3.984826928814652e-07
1155	1970-01-01 00:00:01.155	0.17399479347789115	1.0981205573129251	132.36294116496597	0.024165943522108844	9.320213937119899e-06	4.0225010871722373e-07
1156	1970-01-01 00:00:01.156	0.17363338746918303	1.0981820286491542	132.08987311910226	0.024115748298053217	1.1190271323541698e-05	3.983156984647694e-07
1157	1970-01-01 00:00:01.157	0.1732717025601769	1.0980963839414817	131.81693288253808	0.024065514188993792	9.405528865501403e-06	3.9968354686647684e-07
1158	1970-01-01 00:00:01.158	0.17291010939597315	1.0981332198623737	131.54442526548297	0.024015292970860587	1.0907032092584318e-05	3.9737246438108024e-07
1159	1970-01-01 00:00:01.159	0.17254805055730452	1.0981122495533056	131.27054273802432	0.02396500702799285	9.988646685629202e-06	3.984352174991296e-07
1160	1970-01-01 00:00:01.160	0.1721858282584699	1.0980795756983952	130.99837259913392	0.023914698402819054	1.0346373693126433e-05	3.988268898965436e-07
1161	1970-01-01 00:00:01.161	0.1718229992361229	1.0981284064674928	130.72458044474624	0.023864305453233745	1.1098331027287388e-05	3.952455589098421e-07
1162	1970-01-01 00:00:01.162	0.17146022219392087	1.0980897064866701	130.45082334012565	0.02381391974953303	9.932158518864833e-06	3.9550323259297604e-07
1163	1970-01-01 00:00:01.163	0.1710967929389799	1.0980671385046252	130.1777199355003	0.023763443444793347	1.0089038147567683e-05	3.957839819444473e-07
1164	1970-01-01 00:00:01.164	0.17073334369434315	1.0981111623271986	129.9038758375032	0.02371296444067509	1.0706576079966415e-05	3.9468895092692726e-07
1165	1970-01-01 00:00:01.165	0.17036966325510464	1.0981226742353638	129.63004973311868	0.023662453190714226	1.0293325501310683e-05	3.979758951788851e-07
1166	1970-01-01 00:00:01.166	0.17000569957598372	1.0980867994402985	129.356717291384	0.023611902712856174	9.830108642924864e-06	3.9706377924019587e-07
1167	1970-01-01 00:00:01.167	0.16964133946476964	1.0981040501355015	129.0831198932927	0.023561297157859075	1.0438889017743056e-05	3.965501765237303e-07
1168	1970-01-01 00:00:01.168	0.16927665341931106	1.098119203207195	128.80925341931103	0.023510646371118275	1.0777733018163074e-05	3.948293032032369e-07
1169	1970-01-01 00:00:01.169	0.1689119512566641	1.0981400264026404	128.53542325463317	0.023459993244478297	1.0669497346296863e-05	3.947914687428689e-07
1170	1970-01-01 00:00:01.170	0.168546751277712	1.098173449314605	128.26124716534102	0.02340927101709257	1.0741952832675664e-05	3.9746160542351056e-07
1171	1970-01-01 00:00:01.171	0.168181269433387	1.098177114762429	127.98736856102312	0.023358509615482338	1.058456300538948e-05	3.974069607887739e-07
1172	1970-01-01 00:00:01.172	0.1678154494463697	1.0981897929169133	127.7131579579072	0.023307701333784125	1.0384314004553376e-05	3.960347161275881e-07
1173	1970-01-01 00:00:01.173	0.16744931983422143	1.0982135525670302	127.4390235557811	0.02325685005244016	1.0560963211852322e-05	3.9632943051394216e-07
1174	1970-01-01 00:00:01.174	0.16708283523197837	1.0982447375137327	127.16455821854136	0.0232059493120933	1.0566384624315895e-05	3.961753855398504e-07
1175	1970-01-01 00:00:01.175	0.1667162418349244	1.0982629099433978	126.89020654726704	0.02315503368927938	1.0506702735912815e-05	3.956988872609951e-07
1176	1970-01-01 00:00:01.176	0.16634899467465608	1.09829454730357	126.61548543336991	0.023104026979491942	1.0273772082146173e-05	3.995065056939547e-07
1177	1970-01-01 00:00:01.177	0.16598169820207648	1.098333216679328	126.34102199713007	0.023053013659154215	1.0372068184735713e-05	3.969111660309472e-07
1178	1970-01-01 00:00:01.178	0.16561392057186236	1.0983701879217274	126.06612958839405	0.02300193346322537	1.0188404661796559e-05	3.9471926527805853e-07
1179	1970-01-01 00:00:01.179	0.1652459536408177	1.0984220006757899	125.7915023990539	0.022950826947119442	1.042580164286535e-05	3.9297552983185814e-07
1180	1970-01-01 00:00:01.180	0.16487722901785715	1.0984741916273584	125.5161645468329	0.02289961510950135	1.0561025918050032e-05	3.9455689963676134e-07
1181	1970-01-01 00:00:01.181	0.16450864403600268	1.0985195400403769	125.24149597913862	0.022848422738055183	1.0750017406223503e-05	3.9607597214088464e-07
1182	1970-01-01 00:00:01.182	0.1641392829686974	1.0985400674015482	124.96671811679569	0.02279712258835409	1.0743839689672668e-05	3.922764457003642e-07
1183	1970-01-01 00:00:01.183	0.16377004467995626	1.0985886404239213	124.69127967028346	0.022745839559256454	9.771060854182858e-06	3.928705414315705e-07
1184	1970-01-01 00:00:01.184	0.16340033261380818	1.098673259365026	124.4162587518898	0.022694490660171342	1.0772370077044347e-05	3.9072085205983273e-07
1185	1970-01-01 00:00:01.185	0.1630297809431742	1.0987316518157364	124.14077474781439	0.022643025125252188	1.1122014797316746e-05	3.897285822886693e-07
1186	1970-01-01 00:00:01.186	0.16265933925869894	1.0987459256177508	123.86558324088082	0.022591574926037992	1.0029014893098841e-05	3.9452554936202927e-07
1187	1970-01-01 00:00:01.187	0.16228859099152043	1.0988546159012678	123.5895440349257	0.02254008211485182	1.0244987410151289e-05	3.928734547567656e-07
1188	1970-01-01 00:00:01.188	0.16191693620095776	1.0989184290514997	123.31417393934302	0.022488463310930018	1.1106922464773586e-05	3.897026702848778e-07
1189	1970-01-01 00:00:01.189	0.16154535706015605	1.0989574351036162	123.038292927259	0.022436855198422687	9.811420042108398e-06	3.9471938129659616e-07
1190	1970-01-01 00:00:01.190	0.1611732596830986	1.0990685288397049	122.76264627766601	0.022385174981556004	1.1029063208513582e-05	3.9252539246404525e-07
1191	1970-01-01 00:00:01.191	0.16080080520449214	1.0991060676332551	122.4866635517935	0.022333445174321155	9.87157526261331e-06	3.9196343396950315e-07
1192	1970-01-01 00:00:01.192	0.16042778811200537	1.0992431763078472	122.21024635311872	0.022281637261904762	1.1109167796191314e-05	3.884278431881769e-07
1193	1970-01-01 00:00:01.193	0.16005431044476087	1.0992630063656923	121.9341027054192	0.02222976534215596	9.804070957445297e-06	3.893559346339061e-07
1194	1970-01-01 00:00:01.194	0.15968034363910277	1.0994010532306662	121.65750114663543	0.022177825462002008	1.0946237413850853e-05	3.9020234690898957e-07
1195	1970-01-01 00:00:01.195	0.1593062143597459	1.0994598214643931	121.38095333500502	0.022125863027415583	9.672074669831995e-06	3.9592780147896234e-07
1196	1970-01-01 00:00:01.196	0.15893144360669456	1.0995558661087865	121.10429676150629	0.022073811642677826	1.0415282360309622e-05	3.921301857075522e-07
1197	1970-01-01 00:00:01.197	0.15855659039345082	1.0996873760755157	120.82772283017292	0.0220217486484003	1.0641367960090218e-05	3.8905910274709867e-07
1198	1970-01-01 00:00:01.198	0.15818088565108512	1.099751979048414	120.55075711185309	0.021969567407345576	1.0201620917120535e-05	3.899260769850759e-07
1199	1970-01-01 00:00:01.199	0.15780493056600617	1.099868090460664	120.2739591505727	0.021917351578463338	1.06122606472815e-05	3.868760690942522e-07
1200	1970-01-01 00:00:01.200	0.15742892635704162	1.0999907280913868	119.99727263403652	0.021865128720086717	1.0677107867457684e-05	3.9016469689768254e-07
1201	1970-01-01 00:00:01.201	0.1570519932371581	1.1001106875416944	119.71979638092063	0.021812776775350234	1.0655916534228202e-05	3.887979243588083e-07
1202	1970-01-01 00:00:01.202	0.15667481322989654	1.1001991767600934	119.44278155655655	0.02176039078495162	1.0325678077541709e-05	3.911154410161407e-07
1203	1970-01-01 00:00:01.203	0.15629689417791104	1.100319162585374	119.16489451940696	0.021707901941529235	1.0013768590896218e-05	3.8833123571810507e-07
1204	1970-01-01 00:00:01.204	0.155918701198901	1.1004515247689617	118.88743435184413	0.021655375218549665	1.0462355425424194e-05	3.8898366282585413e-07
1205	1970-01-01 00:00:01.205	0.15554003584842946	1.1005845543460195	118.60961707661625	0.021602782806215724	1.0171866075661459e-05	3.900358014540452e-07
1206	1970-01-01 00:00:01.206	0.15516070455112738	1.1007165568682917	118.33172763125052	0.021550097872535152	1.0346422136659457e-05	3.8707873145925793e-07
1207	1970-01-01 00:00:01.207	0.15478102550078962	1.100850469786385	118.05386878896185	0.02149736465131743	1.0449681491635774e-05	3.8984448656543724e-07
1208	1970-01-01 00:00:01.208	0.1544008646770305	1.100987621830576	117.77575926510931	0.021444564576440266	1.0143263660315903e-05	3.9278252921462445e-07
1209	1970-01-01 00:00:01.209	0.15402029055633862	1.101133407511815	117.49754105795539	0.021391707010198158	1.0318728246815355e-05	3.8889180190988703e-07
1210	1970-01-01 00:00:01.210	0.15363872253567873	1.1012743611848657	117.21851062894126	0.021338711449551944	1.0002926694572685e-05	3.868486928870729e-07
1211	1970-01-01 00:00:01.211	0.15325695925925928	1.101434272847792	116.94009961885824	0.021285688761289254	1.0322778901491425e-05	3.9139692105409605e-07
1212	1970-01-01 00:00:01.212	0.1528750169759735	1.1015922746478872	116.661551988401	0.021232641232808616	9.897679073228666e-06	3.8870195231598174e-07
1213	1970-01-01 00:00:01.213	0.15249197967405692	1.101760263815354	116.38242385009926	0.021179441663633353	1.0357131433479649e-05	3.882191120938071e-07
1214	1970-01-01 00:00:01.214	0.1521085819332947	1.1019302204750476	116.10336039890755	0.02112619188943143	1.0627486800857403e-05	3.859072447124811e-07
1215	1970-01-01 00:00:01.215	0.15172462618614646	1.1020910032236733	115.82393492312778	0.021072864751198545	9.953211396910647e-06	3.9091346578558676e-07
1216	1970-01-01 00:00:01.216	0.15134014166115703	1.1022580059504132	115.54434600826447	0.02101946406859504	9.779955336752066e-06	3.844349161225737e-07
1217	1970-01-01 00:00:01.217	0.15095519345478525	1.1024648761849807	115.26455893166269	0.0209659990256368	9.899257412826065e-06	3.8751705563533377e-07
1218	1970-01-01 00:00:01.218	0.15056958889347305	1.1026566830596585	114.98491604092747	0.020912442878125256	1.0292722025861045e-05	3.858200792498446e-07
1219	1970-01-01 00:00:01.219	0.15018306477254065	1.1028058455411398	114.70469449006404	0.02085875896124158	9.695973521665298e-06	3.936184001241114e-07
1220	1970-01-01 00:00:01.220	0.14979649701872538	1.1030131336235218	114.42457141097242	0.020805069103153745	9.584322445113338e-06	3.8978601663358027e-07
1221	1970-01-01 00:00:01.221	0.14940902105737705	1.103243170409836	114.14375691803279	0.02075125285327869	9.902760477227868e-06	3.916717084766476e-07
1222	1970-01-01 00:00:01.222	0.14902103140563563	1.1034093908093054	113.86321748034077	0.020697365439056356	9.530712833904817e-06	3.903552741738828e-07
1223	1970-01-01 00:00:01.223	0.14863245184424548	1.1036536691037542	113.58237811550151	0.020643396085599276	1.0074194702746242e-05	3.887046551580809e-07
1224	1970-01-01 00:00:01.224	0.14824344693274205	1.1038311400180667	113.30205120308779	0.020589367621745916	9.839665604503571e-06	3.8864447109965235e-07
1225	1970-01-01 00:00:01.225	0.1478536525087992	1.104094174347221	113.02049083244658	0.020535229537529672	1.0206694904236474e-05	3.9426241703771723e-07
1226	1970-01-01 00:00:01.226	0.14746320365883606	1.1042705789473684	112.73948876156176	0.020481000497667188	9.701280894106573e-06	3.842710042886908e-07
1227	1970-01-01 00:00:01.227	0.14707248716332377	1.1045437800245599	112.45787020057305	0.020426734429799427	1.000863717079083e-05	3.87729694323976e-07
1228	1970-01-01 00:00:01.228	0.14668043326239974	1.1047369694712719	112.17592024881323	0.020372282434932068	9.528427808178998e-06	3.9337441215287473e-07
1229	1970-01-01 00:00:01.229	0.14628820289878675	1.1049683412588551	111.89392976956275	0.020317805932741632	8.967792347687484e-06	4.2304466949959994e-07
1230	1970-01-01 00:00:01.230	0.14589520234203465	1.1052437294462063	111.61156141335286	0.02026322257786452	9.55381645350248e-06	4.1058534908236256e-07
1231	1970-01-01 00:00:01.231	0.14550179728062343	1.105474662391428	111.32929721568308	0.02020858299456125	9.089790185794302e-06	4.190713918642061e-07
1232	1970-01-01 00:00:01.232	0.14510714713799253	1.1057176006161828	111.04610153234961	0.02015377044916491	8.363751200544836e-06	4.2277532007398557e-07
1233	1970-01-01 00:00:01.233	0.1447117836949482	1.1060077510524613	110.7629659488342	0.020098858863341968	9.018687478503239e-06	4.2141462930677614e-07
1234	1970-01-01 00:00:01.234	0.1443162970795814	1.1062806502798734	110.48034712419891	0.02004393012979638	9.646726691899083e-06	4.097400426239948e-07
1235	1970-01-01 00:00:01.235	0.1439199337164131	1.106548098170929	110.1967936549045	0.019988879693266428	9.307538724973293e-06	4.123699875585374e-07
1236	1970-01-01 00:00:01.236	0.14352314604188565	1.1068169970890271	109.91336100105119	0.019933770270073585	8.767297237917847e-06	4.183754749552085e-07
1237	1970-01-01 00:00:01.237	0.14312493613717242	1.1071150664024587	109.62920732772567	0.01987846334357813	9.459727841133128e-06	4.147645069114616e-07
1238	1970-01-01 00:00:01.238	0.14272607553939395	1.1074152721616162	109.34482753131313	0.019823065964444442	9.344633352339394e-06	4.13143009771439e-07
1239	1970-01-01 00:00:01.239	0.1423267170331447	1.107711424333064	109.06016841552142	0.01976759956265158	9.182559689685448e-06	4.152815731424432e-07
1240	1970-01-01 00:00:01.240	0.14192636540043552	1.1080198559561254	108.77499927413501	0.019711995256069037	8.952001340706509e-06	4.142429411250059e-07
1241	1970-01-01 00:00:01.241	0.1415255305219913	1.1083364353955212	108.49008247140326	0.019656323703077173	9.236539292529402e-06	4.1219042909469406e-07
1242	1970-01-01 00:00:01.242	0.14112363650499515	1.1086496925555913	108.20468279084756	0.019600505015307766	9.225938169380438e-06	4.144754790650899e-07
1243	1970-01-01 00:00:01.243	0.14072173753818942	1.1089715103714424	107.9194440665702	0.019544685784692074	9.153014794658305e-06	4.1977917741787835e-07
1244	1970-01-01 00:00:01.244	0.14031828834350898	1.1092953725899743	107.63319173361182	0.019488651171272492	9.214930141477346e-06	4.0896021542705227e-07
1245	1970-01-01 00:00:01.245	0.13991411561194989	1.1096509686797302	107.34669783167362	0.019432516056858338	9.313542515721973e-06	4.0961729934946407e-07
1246	1970-01-01 00:00:01.246	0.13950945376413051	1.1100004400705523	107.06031539324941	0.019376313050589275	9.230522069653973e-06	4.088402900654113e-07
1247	1970-01-01 00:00:01.247	0.1391035533675433	1.1103302779025017	106.77325856318154	0.019319937976266837	9.190874982587556e-06	4.083741141061815e-07
1248	1970-01-01 00:00:01.248	0.13869703430557775	1.1107108599968036	106.48562032124022	0.019263476983378616	9.031820478569602e-06	4.1268281144765574e-07
1249	1970-01-01 00:00:01.249	0.1382893822518779	1.1110737553140482	106.19782365350808	0.01920685856720473	9.256986485627297e-06	4.124824263756082e-07
1250	1970-01-01 00:00:01.250	0.137881327428115	1.111437458945687	105.90990791533547	0.019150184344249203	9.066737952864217e-06	4.0364169525106114e-07
1251	1970-01-01 00:00:01.251	0.13747219308417186	1.1118312356652291	105.62150617313527	0.01909336012857371	9.304545003905925e-06	4.092414523044268e-07
1252	1970-01-01 00:00:01.252	0.13706213137114143	1.1122073898061737	105.33235683177793	0.0190364071604052	8.82044134376717e-06	4.079614829515313e-07
1253	1970-01-01 00:00:01.253	0.13665100958446108	1.1126036041235472	105.04311510905906	0.018979306967043464	9.036248675650374e-06	4.0896244725385785e-07
1254	1970-01-01 00:00:01.254	0.13623920315755986	1.1130317588483258	104.75376319891832	0.018922111587528833	9.522977677192237e-06	4.114098712032459e-07
1255	1970-01-01 00:00:01.255	0.1358267426426188	1.1134259079135547	104.46362040362307	0.018864825319402513	8.874170271629589e-06	4.098777290193445e-07
1256	1970-01-01 00:00:01.256	0.1354127471594526	1.1138399902928071	104.17307385423297	0.01880732603994271	9.135708545451942e-06	4.0488620889509887e-07
1257	1970-01-01 00:00:01.257	0.13499834960430515	1.1142819339981007	103.88240811174423	0.01874977074153213	9.319339390144825e-06	4.1604048450758976e-07
1258	1970-01-01 00:00:01.258	0.13458290637285986	1.1147167704502219	103.59120659480025	0.018692070324191505	9.090063227641883e-06	4.1075528689309063e-07
1259	1970-01-01 00:00:01.259	0.13416631225296444	1.1151489059288537	103.29933065612647	0.018634210056916997	8.711013978590514e-06	4.1607232229708696e-07
1260	1970-01-01 00:00:01.260	0.13374876600600125	1.1156052906664562	103.0071792482628	0.01857621750315856	9.201000243841914e-06	4.128517990900483e-07
1261	1970-01-01 00:00:01.261	0.1333302740049062	1.116053899501464	102.71481334968743	0.01851809362269526	9.529035943492917e-06	4.005305873718745e-07
1262	1970-01-01 00:00:01.262	0.13291071411671923	1.116523518769716	102.42181891955836	0.018459821351735017	9.89951969509708e-06	4.0035177017011563e-07
1263	1970-01-01 00:00:01.263	0.13249084543588122	1.1169914937618446	102.1287447409981	0.018401506298957673	9.652152725981523e-06	4.0654189132066567e-07
1264	1970-01-01 00:00:01.264	0.13206890790218587	1.1174796818682184	101.83418730932537	0.01834290387639566	9.261075079420506e-06	4.0525367232975335e-07
1265	1970-01-01 00:00:01.265	0.1316465831642683	1.1179844655972322	101.5394951246363	0.018284247621294332	9.424408660647087e-06	4.0813183705310027e-07
1266	1970-01-01 00:00:01.266	0.13122250999921203	1.118481387045938	101.24441999054447	0.01822534860609881	9.930716695505477e-06	3.947304546425609e-07
1267	1970-01-01 00:00:01.267	0.13079787294701203	1.118983675931029	100.94870444846862	0.018166371229037085	9.419456156329424e-06	3.9902483280364023e-07
1268	1970-01-01 00:00:01.268	0.13037191918842403	1.1195227561340044	100.65237335640138	0.018107211007392262	9.704122126999449e-06	3.930841051761783e-07
1269	1970-01-01 00:00:01.269	0.12994542447859495	1.12002425011761	100.35591933511054	0.018047975607652502	9.245676849052846e-06	3.99716527331174e-07
1270	1970-01-01 00:00:01.270	0.12951712371206775	1.1205762271622364	100.05843967301811	0.017988489443268252	9.744038231074257e-06	3.9495159027070164e-07
1271	1970-01-01 00:00:01.271	0.12908819589546383	1.1211098409197928	99.76083146444827	0.01792891604693141	9.431570726494585e-06	3.878819079822077e-07
1272	1970-01-01 00:00:01.272	0.12865806049227874	1.1216696829191817	99.4624874233754	0.017869175084267462	9.94818978661911e-06	3.8717056861526153e-07
1273	1970-01-01 00:00:01.273	0.12822673727912431	1.1222522865519937	99.16344595152462	0.017809269075840503	9.764881977038312e-06	3.8686151277407635e-07
1274	1970-01-01 00:00:01.274	0.12779392326434988	1.1228057693869582	98.86347956657555	0.01774915600624756	9.453509851672785e-06	3.88490416752187e-07
1275	1970-01-01 00:00:01.275	0.12736028127875243	1.1233909528265107	98.56328901676414	0.017688927978947368	9.757224853445613e-06	3.866188147380468e-07
1276	1970-01-01 00:00:01.276	0.12692544480337078	1.1239810620318351	98.2622565792759	0.01762853390215356	9.376305313770286e-06	3.849895436732349e-07
1277	1970-01-01 00:00:01.277	0.1264890787864608	1.1245950069411947	97.96045244891593	0.0175679276594915	9.447716018948682e-06	3.8217422072939764e-07
1278	1970-01-01 00:00:01.278	0.12605175322894757	1.1252191562670406	97.65840334268131	0.017507187941886732	1.0001778431972423e-05	3.827865003834661e-07
1279	1970-01-01 00:00:01.279	0.1256131322946616	1.1258348609837594	97.3550882819178	0.01744626833708913	9.187162773644488e-06	3.8187334885157393e-07
1280	1970-01-01 00:00:01.280	0.12517306145711843	1.1264840002332632	97.05141162662312	0.017385147465982426	1.0322363041703212e-05	3.794205438190559e-07
1281	1970-01-01 00:00:01.281	0.12473221164920449	1.1271139916181607	96.74713404578966	0.017323918306558012	9.342308849625922e-06	3.820689012368055e-07
1282	1970-01-01 00:00:01.282	0.1242896229231246	1.1277726906385617	96.44183468381898	0.01726244765189089	9.748914186243025e-06	3.793900317928364e-07
1283	1970-01-01 00:00:01.283	0.12384545562780616	1.1284524259173248	96.13548387366465	0.017200757706301285	9.473107041604737e-06	3.796390300456068e-07
1284	1970-01-01 00:00:01.284	0.12340027457456683	1.1291297882116338	95.82888665841584	0.01713892704207921	9.911614789920326e-06	3.7632545359723383e-07
1285	1970-01-01 00:00:01.285	0.12295393587250136	1.1298143191325152	95.52121725090686	0.0170769355738211	9.468460567636028e-06	3.7553365773067244e-07
1286	1970-01-01 00:00:01.286	0.1225057959778086	1.1305243440437664	95.21274816612728	0.017014693847280014	9.761167482588226e-06	3.7764260223541343e-07
1287	1970-01-01 00:00:01.287	0.12205669514563106	1.1312311139620896	94.90367856680537	0.016952318784096164	9.946348535211898e-06	3.7428734175233947e-07
1288	1970-01-01 00:00:01.288	0.1216057958160283	1.131941679049377	94.59319384633133	0.0168896937948008	9.344757590645285e-06	3.8022964481120657e-07
1289	1970-01-01 00:00:01.289	0.1211538407475773	1.1326991015228427	94.28239476618981	0.01682692233733272	9.990350217774188e-06	3.747308730310269e-07
1290	1970-01-01 00:00:01.290	0.12070018946317487	1.1334507732893018	93.9704488825743	0.016763915091006835	9.562815389520005e-06	3.7278561679821576e-07
1291	1970-01-01 00:00:01.291	0.12024524926093283	1.1342053091062265	93.65779245921728	0.016700729031171018	9.9052887441472e-06	3.7222749211846815e-07
1292	1970-01-01 00:00:01.292	0.11978894281125727	1.134979714591618	93.34410638498011	0.016637353094983175	9.618078833403335e-06	3.772020287572122e-07
1293	1970-01-01 00:00:01.293	0.11933073639557082	1.1357628911034747	93.0292801932035	0.016573713376861397	9.719822300250476e-06	3.704953819605454e-07
1294	1970-01-01 00:00:01.294	0.11887166472788337	1.1365584043966108	92.71376233111975	0.016509953453934814	9.382524809673307e-06	3.6955712591242467e-07
1295	1970-01-01 00:00:01.295	0.11841024226992464	1.137375606150567	92.39667012407705	0.01644586700159854	9.210102855687753e-06	3.69825684532494e-07
1296	1970-01-01 00:00:01.296	0.1179473114609476	1.1381916855274166	92.07898328694196	0.01638157110350597	9.42744876463001e-06	3.693720034437974e-07
1297	1970-01-01 00:00:01.297	0.11748320264815236	1.1390441077471736	91.76004926094544	0.01631711144548145	9.383486195863875e-06	3.6819592754757464e-07
1298	1970-01-01 00:00:01.298	0.1170170469822037	1.1398931942446042	91.44005314274895	0.01625236768193866	9.638648614405649e-06	3.683426012360554e-07
1299	1970-01-01 00:00:01.299	0.1165498812173122	1.1407343691351475	91.11924898203591	0.016187483432881074	8.899313147693473e-06	3.6680197374788264e-07
1300	1970-01-01 00:00:01.300	0.11608067246354914	1.1416462179496865	90.7969732265619	0.016122315656115434	9.344158629136511e-06	3.6209978969939454e-07
1301	1970-01-01 00:00:01.301	0.11560970546703918	1.1425222084875029	90.47354981650683	0.016056903599637545	8.984169235364118e-06	3.664231962844509e-07
1302	1970-01-01 00:00:01.302	0.11513743183503594	1.143443777222853	90.14917453575482	0.015991309939462732	9.11812500040386e-06	3.5887032773494127e-07
1303	1970-01-01 00:00:01.303	0.11466280789154802	1.1443588536049683	89.82347567631021	0.015925389954559225	9.351373726303393e-06	3.5955283442108207e-07
1304	1970-01-01 00:00:01.304	0.11418670394637746	1.1452770941406838	89.49627622382889	0.015859264402018375	8.537981410344932e-06	3.614493138190544e-07
1305	1970-01-01 00:00:01.305	0.11370912153915526	1.1462313389448369	89.16827529836164	0.01579293354877499	8.75727503292725e-06	3.6292311083649313e-07
1306	1970-01-01 00:00:01.306	0.11322955005262367	1.1472058125845739	88.83875126898211	0.01572632639001654	8.930859567238762e-06	3.5734038223883286e-07
1307	1970-01-01 00:00:01.307	0.11274797778195772	1.148177429313069	88.5080374057633	0.015659441356557068	9.052029748787901e-06	3.5512778260878305e-07
1308	1970-01-01 00:00:01.308	0.11226465048055265	1.1491736586574561	88.1756809400811	0.015592312582219554	8.956491208879067e-06	3.60399022673335e-07
1309	1970-01-01 00:00:01.309	0.11177977006369427	1.1501794426376921	87.84233531434994	0.015524968079430497	8.878727872401424e-06	3.6012366840746254e-07
1310	1970-01-01 00:00:01.310	0.11129259825350424	1.1512107941683531	87.50732421482647	0.015457305321190317	8.974809363510981e-06	3.6160992264806957e-07
1311	1970-01-01 00:00:01.311	0.11080378758434548	1.1522447812265706	87.17096875018744	0.015389414952766531	8.936280794614635e-06	3.5961982439748645e-07
1312	1970-01-01 00:00:01.312	0.11031312086201736	1.1532973846902126	86.83331606405268	0.015321266730020953	8.929427155728075e-06	3.625683532811725e-07
1313	1970-01-01 00:00:01.313	0.10982014038217511	1.1543788832574458	86.49390916623123	0.01525279732552064	9.2585144458849e-06	3.6456838946063755e-07
1314	1970-01-01 00:00:01.314	0.10932537725203373	1.1554771223225613	86.15286676766922	0.015184080129860437	8.914776998361818e-06	3.6023924138679474e-07
1315	1970-01-01 00:00:01.315	0.1088284434818236	1.1565779287097735	85.81033881853398	0.01511506169919547	9.157874949331049e-06	3.59136712705948e-07
1316	1970-01-01 00:00:01.316	0.10832920148076494	1.1576983693727212	85.465866958107	0.015045722450331128	9.116440281451299e-06	3.600347186011706e-07
1317	1970-01-01 00:00:01.317	0.1078279453727793	1.158848298520776	85.11980925592805	0.014976103563517432	9.177216048403924e-06	3.60176414496115e-07
1318	1970-01-01 00:00:01.318	0.1073247351449544	1.1599973993475199	84.77200787350783	0.014906213240157189	8.864823413186995e-06	3.616755132856743e-07
1319	1970-01-01 00:00:01.319	0.10681904400177726	1.161189299614929	84.42236570571681	0.014835978386404028	9.094106455450237e-06	3.5792708187786773e-07
1320	1970-01-01 00:00:01.320	0.10631175054295634	1.1623840206840512	84.07123271625915	0.014765520885720617	8.758367647500923e-06	3.59963161911233e-07
1321	1970-01-01 00:00:01.321	0.10580192199513022	1.1635998368626872	83.7180161735409	0.014694711415922674	8.745491840077473e-06	3.613276297077121e-07
1322	1970-01-01 00:00:01.322	0.10528990083996465	1.164843256041851	83.362846501621	0.014623597334954318	8.628038474494696e-06	3.5695388114378477e-07
1323	1970-01-01 00:00:01.323	0.10477500062587439	1.1660928500110448	83.00562058832193	0.014552083532140492	8.766659833991606e-06	3.5433504329747834e-07
1324	1970-01-01 00:00:01.324	0.10425843044819985	1.1673726760470242	82.64670764952241	0.01448033767450404	8.978044503563557e-06	3.5649899015733106e-07
1325	1970-01-01 00:00:01.325	0.10373921067506223	1.1686672608727486	82.28562246082883	0.01440822373920047	8.953203213821203e-06	3.5626636061138905e-07
1326	1970-01-01 00:00:01.326	0.10321743273418091	1.1699791932631887	81.92194333114132	0.0143357546251644	8.640255750670758e-06	3.543451481552817e-07
1327	1970-01-01 00:00:01.327	0.10269367362981295	1.1713143089744522	81.55687567362982	0.014263010192881578	8.629953683191644e-06	3.5467525085599913e-07
1328	1970-01-01 00:00:01.328	0.10216734654770576	1.1726629434085942	81.18955730517116	0.01418990926802622	9.07422101579694e-06	3.541194631307156e-07
1329	1970-01-01 00:00:01.329	0.10163890283801484	1.1740295617086305	80.81994999345073	0.014116514224275942	8.629588395743414e-06	3.5057628199366257e-07
1330	1970-01-01 00:00:01.330	0.10110674170478473	1.1754402704566906	80.44710509039425	0.01404260305597909	8.59775281331315e-06	3.530286700493035e-07
1331	1970-01-01 00:00:01.331	0.10057309723268618	1.1768415215879455	80.0730429107505	0.01396848576282237	8.639322605599101e-06	3.5686222218665715e-07
1332	1970-01-01 00:00:01.332	0.10003628976629766	1.178277744953332	79.6960638521091	0.013893929127414804	8.658948737419434e-06	3.5450490682264826e-07
1333	1970-01-01 00:00:01.333	0.09949705909347009	1.1797548047529616	79.3166737698642	0.013819035983097371	8.87975261192141e-06	3.5279867526547595e-07
1334	1970-01-01 00:00:01.334	0.09895578673753243	1.1812292664312483	78.93504502306139	0.013743859251225137	8.57948793365653e-06	3.544341136228049e-07
1335	1970-01-01 00:00:01.335	0.09841114042246414	1.1827251956600102	78.55053549708023	0.013668213934828059	8.525629453803258e-06	3.5001239598346756e-07
1336	1970-01-01 00:00:01.336	0.09786416804900833	1.1842463590112102	78.16383385024433	0.013592245599310146	8.863460229530038e-06	3.5272296773666007e-07
1337	1970-01-01 00:00:01.337	0.09731428025615269	1.1858061187486546	77.77393218124418	0.013515872273086031	8.676889516990743e-06	3.530703740762428e-07
1338	1970-01-01 00:00:01.338	0.09676114208428735	1.1873783214081282	77.38098858042359	0.013439047482112193	8.530878584046938e-06	3.481469603433692e-07
1339	1970-01-01 00:00:01.339	0.0962056378200371	1.1889718079063794	76.98552794063079	0.013361894148708435	8.465369054409877e-06	3.5099341286053903e-07
1340	1970-01-01 00:00:01.340	0.09564704417615252	1.1906008227091633	76.58717906801367	0.01328431171172453	8.766607619590424e-06	3.50076136236596e-07
1341	1970-01-01 00:00:01.341	0.09508627177410194	1.1922291894079229	76.18605106772682	0.013206426649155188	8.448778219535425e-06	3.4954108776475483e-07
1342	1970-01-01 00:00:01.342	0.09452186082235443	1.193904314775464	75.78136341691459	0.013128036246635501	8.346464813353874e-06	3.508025403092725e-07
1343	1970-01-01 00:00:01.343	0.09395461259361311	1.1955934937826762	75.37379417832415	0.013049251752154867	8.464266440088173e-06	3.508888917345639e-07
1344	1970-01-01 00:00:01.344	0.09338453412233105	1.1973229203015996	74.96318301458672	0.012970074184342189	8.609101089972165e-06	3.4781400528093935e-07
1345	1970-01-01 00:00:01.345	0.09281177883581879	1.1990448834411929	74.54924555782218	0.012890524825548677	8.203633542789112e-06	3.5027367886282146e-07
1346	1970-01-01 00:00:01.346	0.09223531553321188	1.2008129224355382	74.13184526765694	0.01281046049257287	8.449720105175167e-06	3.4778773194984495e-07
1347	1970-01-01 00:00:01.347	0.09165630896440582	1.2026073667320627	73.71113561168721	0.012730042945627802	8.310265284828335e-06	3.454396099243596e-07
1348	1970-01-01 00:00:01.348	0.09107387694999301	1.2044376925548261	73.2867807808353	0.01264914958513759	8.608267061394049e-06	3.443456263535802e-07
1349	1970-01-01 00:00:01.349	0.09048854832232955	1.2062764249774132	72.85865242059907	0.012567853926610606	8.073991502013344e-06	3.4101330202086927e-07
1350	1970-01-01 00:00:01.350	0.08990047847532702	1.2081509786144369	72.42720582600872	0.01248617757491868	7.937493963928299e-06	3.392669777891784e-07
1351	1970-01-01 00:00:01.351	0.0893086790805871	1.2100342040985876	71.99164120257547	0.012403983254638604	7.648658250552478e-06	3.4494885595704924e-07
1352	1970-01-01 00:00:01.352	0.08871389484457921	1.2119768578813148	71.55259670411469	0.01232137425804673	8.251647403839686e-06	3.4325329129986383e-07
1353	1970-01-01 00:00:01.353	0.08811646896142229	1.213909233731466	71.10963725288303	0.012238398436298738	7.560317919550384e-06	3.4575505102307174e-07
1354	1970-01-01 00:00:01.354	0.08751499525609423	1.2158907135031498	70.66231543755136	0.012154860408107367	8.021441609109832e-06	3.441495786881712e-07
1355	1970-01-01 00:00:01.355	0.08691111780476157	1.2178648759806263	70.21157217613752	0.012070988581758648	7.856847592939286e-06	3.4932905797667593e-07
1356	1970-01-01 00:00:01.356	0.08630416387590599	1.219898846101741	69.75659848878954	0.011986689472329472	7.725284334005352e-06	3.6279449965510587e-07
1357	1970-01-01 00:00:01.357	0.08569480255914853	1.221940894380042	69.29821814249881	0.011902055924344113	7.966657508376382e-06	3.6331967114247584e-07
1358	1970-01-01 00:00:01.358	0.08508033124060405	1.2240145550213313	68.83402039276766	0.011816712699939053	8.228873640217378e-06	3.862395377843088e-07
1359	1970-01-01 00:00:01.359	0.08446528883999732	1.2261135760498294	68.36694403187998	0.011731290133279754	7.788396565044538e-06	4.230965258185224e-07
1360	1970-01-01 00:00:01.360	0.08384482717994927	1.2282445964490722	67.89373078093713	0.01164511486784141	7.812452242062608e-06	5.444207135073598e-07
1361	1970-01-01 00:00:01.361	0.08322478895087933	1.230382907890304	67.41735973384543	0.011558998485277272	8.71131594518833e-06	1.094527436107041e-06
1362	1970-01-01 00:00:01.362	0.08259685746856206	1.2326321755740843	66.93270398715144	0.011471785781848005	1.0413389171004647e-05	1.62457492744767e-06
1363	1970-01-01 00:00:01.363	0.0819670552298536	1.234826430086195	66.44441589341908	0.011384313228211793	1.051538121551204e-05	1.998619109134825e-06
1364	1970-01-01 00:00:01.364	0.08133592155145299	1.237053845948718	65.95306952752136	0.01129665579008547	1.0392510865916581e-05	2.2017028810461732e-06
1365	1970-01-01 00:00:01.365	0.08070094634156322	1.2393160108443597	65.456587809985	0.011208464772882282	1.1950783948787341e-05	2.3036272668509046e-06
1366	1970-01-01 00:00:01.366	0.08006416732027037	1.241583560046426	64.9549134191302	0.011120023234109374	1.2249260806559226e-05	2.938802106482458e-06
1367	1970-01-01 00:00:01.367	0.07942284859188543	1.2439075331060347	64.44735861711558	0.011030951197408797	1.3919457161943403e-05	3.276713697829732e-06
1368	1970-01-01 00:00:01.368	0.07877985773103587	1.2461963594938412	63.93796594803796	0.010941646886316214	1.1929563577757959e-05	2.535916577613703e-06
1369	1970-01-01 00:00:01.369	0.07813927242564618	1.2484882779456192	63.42681611681772	0.010852676731117825	1.1581591496271232e-05	2.2901400103510884e-06
1370	1970-01-01 00:00:01.370	0.0774935466061621	1.2508509238446082	62.906990081714675	0.010762992628265237	1.108350901215338e-05	2.550483199506077e-06
1371	1970-01-01 00:00:01.371	0.07684713979115068	1.2531695064596025	62.383979844032396	0.010673213849655265	1.2362149305161658e-05	2.8058539581723176e-06
1372	1970-01-01 00:00:01.372	0.07619809886268795	1.2555489968205604	61.856355490494806	0.010583069289262769	1.199295731730145e-05	2.2505137133254084e-06
1373	1970-01-01 00:00:01.373	0.07554613830130517	1.2579854743884045	61.32178029514002	0.010492519201154325	1.160726764540185e-05	2.363334700280607e-06
1374	1970-01-01 00:00:01.374	0.0748977143628097	1.2602835658276226	60.787201969557195	0.01040246032287823	1.0743121498363205e-05	2.356132977505689e-06
1375	1970-01-01 00:00:01.375	0.07423808715545126	1.262745772055559	60.23989674319782	0.010310845423986808	1.0492100144111118e-05	1.7411889632100712e-06
1376	1970-01-01 00:00:01.376	0.07359539324907641	1.2650302771404498	59.70304142264567	0.01022158242465487	1.0141704459417397e-05	1.8275091848384046e-06
1377	1970-01-01 00:00:01.377	0.07293255595313893	1.2675402949191392	59.1441478403158	0.010129521642047624	1.0444183155798803e-05	1.9415884547256015e-06
1378	1970-01-01 00:00:01.378	0.07228883702886466	1.2698460337395767	58.59871802309173	0.01004011627908916	9.976255971132136e-06	1.6926811858215408e-06
1379	1970-01-01 00:00:01.379	0.0716295721643941	1.2723570559503232	58.033977377248576	0.00994855167902183	1.0796962012900582e-05	2.1499278458787463e-06
1380	1970-01-01 00:00:01.380	0.07097305515673484	1.2747304500031664	57.46868606484706	0.00985736877081882	1.0457225344544362e-05	1.8601601346612905e-06
1381	1970-01-01 00:00:01.381	0.07032777252372287	1.2770461373976343	56.90613646301833	0.009767746184063434	1.2332360645026648e-05	3.4325497289932238e-06
1382	1970-01-01 00:00:01.382	0.06967216244985842	1.2793657305332704	56.334561255309104	0.00967668923147711	6.542075353659803e-06	6.540344828396637e-07
1383	1970-01-01 00:00:01.383	0.06902183648766509	1.2817168164091701	55.76222394966359	0.009586366176177422	8.072115999934588e-06	3.4527858692405814e-07
1384	1970-01-01 00:00:01.384	0.06838285106962792	1.2841933704129171	55.19027818750399	0.009497618206522434	1.1576791577877338e-05	2.832157924916873e-06
1385	1970-01-01 00:00:01.385	0.06773222259161518	1.286349504108439	54.608756114676424	0.009407253141486235	7.805028839928627e-06	5.285795377815033e-07
1386	1970-01-01 00:00:01.386	0.06709714901830073	1.2886941818753537	54.032407576253064	0.009319048470221998	1.0649466883413621e-05	2.1006879510488417e-06
1387	1970-01-01 00:00:01.387	0.06645047573202928	1.291023302172087	53.44327392055683	0.009229232729149165	9.862399890094504e-06	1.0921979280880855e-06
1388	1970-01-01 00:00:01.388	0.0658213811312667	1.2931743966577625	52.86203166366404	0.009141858492700503	8.877784502745853e-06	1.6627581410199757e-06
1389	1970-01-01 00:00:01.389	0.06518591776388732	1.2952870085982577	52.27069825036769	0.009053599686955538	6.143005142572858e-06	6.902618280152769e-07
1390	1970-01-01 00:00:01.390	0.06456113798048897	1.2974377849622272	51.68485160966034	0.008966824720956517	6.532711829410277e-06	3.761179646193674e-07
1391	1970-01-01 00:00:01.391	0.06393259823132501	1.2997296477578075	51.08947783364185	0.008879527526661492	9.962692702792738e-06	1.8393404938930435e-06
1392	1970-01-01 00:00:01.392	0.06332895463141505	1.3016208213066651	50.51285031019822	0.008795688141146178	7.141245058913108e-06	3.8515629944957535e-07
1393	1970-01-01 00:00:01.393	0.06271944574932564	1.3039042206887899	49.921317175208586	0.008711034131359388	1.4549329721003356e-05	3.7145565884407558e-06
1394	1970-01-01 00:00:01.394	0.0621180277789077	1.3057230550936174	49.338012189986244	0.008627503853801519	9.340038116891427e-06	1.4120992923167556e-06
1395	1970-01-01 00:00:01.395	0.06152153141000348	1.307528915457816	48.75133229604271	0.008544657135371938	7.874083907249565e-06	1.00489234829472e-06
1396	1970-01-01 00:00:01.396	0.06092986818780692	1.3094812364355013	48.164515127560186	0.00846248168229728	1.0239178941355013e-05	1.6524821451104768e-06
1397	1970-01-01 00:00:01.397	0.06036083013567251	1.3110289159649124	47.593383183040935	0.008383448632807019	7.077383517697661e-06	5.000102760610239e-07
1398	1970-01-01 00:00:01.398	0.05977964838237046	1.3130334178677783	47.0044498707564	0.00830272894264443	1.2691818415431924e-05	2.1668246373700404e-06
1399	1970-01-01 00:00:01.399	0.059220461762228505	1.314578963479935	46.432012953492574	0.008225064126346188	1.2220319663527466e-05	2.272784260356735e-06
1400	1970-01-01 00:00:01.400	0.058668992096641136	1.315999282734237	45.86133918621096	0.008148471128226283	9.423803947959341e-06	1.6904329363155397e-06
1401	1970-01-01 00:00:01.401	0.05812859157967269	1.317336440941717	45.29845275509618	0.008073415493482628	6.345834135506747e-06	6.123675532807025e-07
1402	1970-01-01 00:00:01.402	0.05758783755212779	1.319010346055359	44.72778172174125	0.007998310783014268	1.0631110405205218e-05	2.8659786994876933e-06
1403	1970-01-01 00:00:01.403	0.05705731562887076	1.3202694770504138	44.166343414365926	0.007924627183654569	9.648839677195116e-06	1.4574969157669536e-06
1404	1970-01-01 00:00:01.404	0.056536094333446404	1.321446079375848	43.60679737109905	0.007852235320499773	8.00815545665813e-06	1.5341116915572448e-06
1405	1970-01-01 00:00:01.405	0.05603995847685999	1.3226056517281781	43.06817040831869	0.0077833275681898064	9.049961514514063e-06	1.5991755573550515e-06
1406	1970-01-01 00:00:01.406	0.055546888460213384	1.3235324996665925	42.53011493665259	0.007714845615914648	5.719518047414926e-06	5.315060038608752e-07
1407	1970-01-01 00:00:01.407	0.05504983811034894	1.3248741045034298	41.98058557232329	0.007645810844378169	1.3056366874342382e-05	2.925119528666033e-06
1408	1970-01-01 00:00:01.408	0.054572715258455654	1.325609924464814	41.44939761327377	0.00757954378476533	1.0201986275143354e-05	1.736965947974249e-06
1409	1970-01-01 00:00:01.409	0.05410109903943209	1.3263655156120016	40.919747527591376	0.007514041532360934	7.767425435889858e-06	1.2917994199919763e-06
1410	1970-01-01 00:00:01.410	0.053656795466196554	1.3270304480076114	40.41376038952317	0.0074523327058428485	6.1748784681595024e-06	7.778328770146417e-07
1411	1970-01-01 00:00:01.411	0.05319472283162833	1.3279378135420787	39.886982888147855	0.00738815594738032	1.0813612638147911e-05	1.934990837372228e-06
1412	1970-01-01 00:00:01.412	0.05275999689997729	1.3284415529064486	39.383290378633056	0.007327777339804724	9.150725161712818e-06	1.6244280150375108e-06
1413	1970-01-01 00:00:01.413	0.052341478468927206	1.3289247090614513	38.893848320217565	0.007269649794757551	8.701567745311364e-06	1.8987134210220044e-06
1414	1970-01-01 00:00:01.414	0.05191392283199061	1.3292795422290988	38.39506164754842	0.007210267060555941	6.527544028055807e-06	8.547577455334637e-07
1415	1970-01-01 00:00:01.415	0.051502539903862964	1.3298287882654547	37.905478205441945	0.007153130541979841	1.1459929623338577e-05	1.9142367358250497e-06
1416	1970-01-01 00:00:01.416	0.05110192574303233	1.3299811948160536	37.42686819843924	0.007097489688795987	7.3078049269168895e-06	9.943338618894397e-07
1417	1970-01-01 00:00:01.417	0.050706751814381744	1.330253708523979	36.94990621589561	0.007042604420606677	9.35674704122657e-06	1.5341679733786077e-06
1418	1970-01-01 00:00:01.418	0.05032048656881859	1.33038328212555	36.48036137637163	0.006988956470116415	8.273825142593969e-06	1.5978965455663938e-06
1419	1970-01-01 00:00:01.419	0.04994659236324613	1.330620058298045	36.02361182841232	0.006937026713150414	1.0836775113142295e-05	1.684824809810177e-06
1420	1970-01-01 00:00:01.420	0.049578718938237336	1.3305981589174185	35.568150585820035	0.006885933181760352	1.04563341549808e-05	1.853089867555793e-06
1421	1970-01-01 00:00:01.421	0.04922185098922041	1.3306435485081294	35.12275510452028	0.00683636818634983	1.3755619225560122e-05	2.981918754175584e-06
1422	1970-01-01 00:00:01.422	0.0488695724271903	1.3306313648591845	34.67860931423767	0.006787440616045157	1.3574359321381132e-05	3.6866479269887843e-06
1423	1970-01-01 00:00:01.423	0.048524422033977194	1.3302815807540143	34.24340748952758	0.006739503063998138	1.1194018769032464e-05	2.522384680448574e-06
1424	1970-01-01 00:00:01.424	0.048187185069753814	1.3300486576787807	33.81362843903868	0.006692664585228604	1.1619401937237572e-05	2.7078888325301233e-06
1425	1970-01-01 00:00:01.425	0.04785934457144504	1.3296694531096893	33.3953491492305	0.006647131188252925	9.840710896006688e-06	1.9635012185225434e-06
1426	1970-01-01 00:00:01.426	0.047529245664399616	1.3293899902840487	32.96731269760531	0.00660128412356404	1.0180514799043835e-05	1.9894896152319836e-06
1427	1970-01-01 00:00:01.427	0.04721525913133709	1.3290314432849095	32.55669277616365	0.0065576748832493325	1.2004051751650163e-05	3.468705187996582e-06
1428	1970-01-01 00:00:01.428	0.04690473632719329	1.3286870392017949	32.15202317392844	0.006514546709351754	1.287642426958897e-05	2.74281232894116e-06
1429	1970-01-01 00:00:01.429	0.046604969315991174	1.327928189931483	31.75710525374521	0.006472912410056904	9.026765003496226e-06	2.0164437483387083e-06
1430	1970-01-01 00:00:01.430	0.04630530362913988	1.3275862603421085	31.35538335011525	0.006431292168870556	1.4964373352557928e-05	4.488298879031541e-06
1431	1970-01-01 00:00:01.431	0.046009349636550075	1.3268788359917967	30.967060413580953	0.006390187445653412	1.0455236715914322e-05	1.5718824345721857e-06
1432	1970-01-01 00:00:01.432	0.045727451193867695	1.3262630001207147	30.57914011347175	0.006351034887312893	1.4805239697457749e-05	4.2464208435392254e-06
1433	1970-01-01 00:00:01.433	0.04544479970581084	1.3255092747386337	30.199712581449063	0.00631177774179431	1.865474686402535e-05	3.928208722693607e-06
1434	1970-01-01 00:00:01.434	0.04516977711295034	1.3248267154333009	29.826284813777992	0.00627358015548929	2.0289591353399464e-05	3.800177839985205e-06
1435	1970-01-01 00:00:01.435	0.04490064390884653	1.3240629210043988	29.456840277981428	0.00623620054411046	2.093624052422043e-05	3.973678811562212e-06
1436	1970-01-01 00:00:01.436	0.04463611831116779	1.3232100462136394	29.09231277949839	0.006199460876115869	2.1143843719536044e-05	3.884975919138254e-06
1437	1970-01-01 00:00:01.437	0.044376572510375974	1.3223432777099609	28.732962384033204	0.0061634128515625	2.0532799066002808e-05	3.7960492269000163e-06
1438	1970-01-01 00:00:01.438	0.04412209444707597	1.3213818329993319	28.37579958219469	0.006128068673528876	1.912022545627716e-05	3.851249932045529e-06
1439	1970-01-01 00:00:01.439	0.04387117399490322	1.320431587525029	28.023725004550695	0.006093218616406772	2.0137514782349374e-05	3.8014410122067695e-06
1440	1970-01-01 00:00:01.440	0.04362416482194299	1.3195424250076617	27.676867591173767	0.006058911785902543	2.108656366302789e-05	3.820252668190256e-06
1441	1970-01-01 00:00:01.441	0.04338261339759624	1.3183990639985357	27.333352361051798	0.006025362965590873	1.8886217192491e-05	3.5668722762805673e-06
1442	1970-01-01 00:00:01.442	0.04314552461760196	1.317515844464888	26.994574356332414	0.005992433977123582	2.2048647623752836e-05	4.150310855622564e-06
1443	1970-01-01 00:00:01.443	0.04291255281959233	1.316333353087922	26.65901378278065	0.005960076780529358	1.9780171896832977e-05	3.862117416516352e-06
1444	1970-01-01 00:00:01.444	0.042682775318148514	1.3152343420249144	26.328304612848072	0.005928163235955056	1.964223680528578e-05	3.905316028303308e-06
1445	1970-01-01 00:00:01.445	0.04245712485440427	1.3140531840572676	25.999846787794223	0.0058968229000849305	1.9005639035472764e-05	3.8847759644530814e-06
1446	1970-01-01 00:00:01.446	0.04223541781694874	1.3129292081016681	25.67525630414859	0.005866030257286003	2.0349533090270665e-05	4.059357463052407e-06
1447	1970-01-01 00:00:01.447	0.042017302081955164	1.311717743844175	25.357124306014946	0.005835736397709175	2.1811462651931887e-05	4.312176136671973e-06
1448	1970-01-01 00:00:01.448	0.04180132431198322	1.3105658420955202	25.040125481920278	0.005805739485622609	2.144880508145008e-05	4.040172175496036e-06
1449	1970-01-01 00:00:01.449	0.04159085591179538	1.3092370723793165	24.727869982825247	0.005776507780899221	1.979227331788137e-05	3.998074005393673e-06
1450	1970-01-01 00:00:01.450	0.04138295801861376	1.3078275468405582	24.418577282023023	0.005747633054555474	1.868533027680933e-05	3.7497218956462673e-06
1451	1970-01-01 00:00:01.451	0.04117796462271596	1.3065045119286105	24.111764750804348	0.005719161753961027	1.880384641181916e-05	3.457671239411683e-06
1452	1970-01-01 00:00:01.452	0.040976268638106245	1.3051697696099314	23.80913179516826	0.00569114842098217	1.8969925124336676e-05	3.603915359336134e-06
1453	1970-01-01 00:00:01.453	0.04077744958730549	1.3039068025708838	23.510361231933082	0.005663534659204134	1.965675198793653e-05	3.41010842419723e-06
1454	1970-01-01 00:00:01.454	0.04058246778029514	1.3024359361337334	23.21409461147511	0.005636453851386933	2.009398603883412e-05	3.754876369396413e-06
1455	1970-01-01 00:00:01.455	0.0403886693947595	1.3010972273957435	22.9203308180588	0.005609537421761595	1.9567589841906692e-05	3.375446863500367e-06
1456	1970-01-01 00:00:01.456	0.040199118570109	1.2996059333702814	22.630450843648006	0.005583210918283146	1.9802544531758115e-05	3.3523852372151853e-06
1457	1970-01-01 00:00:01.457	0.040011868183275776	1.2981689765663542	22.342901705106065	0.005557203912678835	1.9820976237067093e-05	3.457973588774932e-06
1458	1970-01-01 00:00:01.458	0.039826953312519314	1.2967004649149922	22.057823923338486	0.00553152129187017	2.0629277712853167e-05	4.231469237789475e-06
1459	1970-01-01 00:00:01.459	0.0396446124543485	1.2952261551841535	21.775468986072422	0.005506196173878057	1.8821093862297744e-05	3.6143982817716136e-06
1460	1970-01-01 00:00:01.460	0.03946526493226944	1.2936741536463165	21.496652257685408	0.005481286791303271	2.0784312467807572e-05	3.8588101948883204e-06
1461	1970-01-01 00:00:01.461	0.039289397038676746	1.2919699513619873	21.218380626575662	0.005456860700178319	1.7928570801975034e-05	3.959059902830427e-06
1462	1970-01-01 00:00:01.462	0.03911214613432836	1.2905373268656717	20.945712403606965	0.00543224251840796	1.929854478834204e-05	3.355200957722225e-06
1463	1970-01-01 00:00:01.463	0.03894053957874432	1.2889888879970133	20.675165618194264	0.005408408275900691	1.953199999221019e-05	3.802864597821932e-06
1464	1970-01-01 00:00:01.464	0.03877018356568033	1.2873217310263712	20.40658886405844	0.00538474772136932	1.80660518127348e-05	3.2774084023106616e-06
1465	1970-01-01 00:00:01.465	0.03860254329607551	1.2857504825509192	20.139891119597614	0.005361464343889717	2.0194220926472927e-05	3.7880614282371273e-06
1466	1970-01-01 00:00:01.466	0.038435926965487165	1.2840736674557687	19.873941001121356	0.005338323189820583	2.0931678705020557e-05	4.117961317486976e-06
1467	1970-01-01 00:00:01.467	0.03827159849169311	1.2825266072428598	19.614286879472342	0.005315499784020907	2.0518647637379752e-05	3.4344043412524832e-06
1468	1970-01-01 00:00:01.468	0.038110848329088766	1.2807156181129262	19.355196273060436	0.005293173381762843	1.8860638047444563e-05	3.430404970789333e-06
1469	1970-01-01 00:00:01.469	0.0379510596843998	1.2790372622147819	19.098016654885914	0.005270980503968254	1.8269167124952875e-05	3.2670050666332806e-06
1470	1970-01-01 00:00:01.470	0.03779296793749607	1.2775281187826197	18.84316861787084	0.00524902332333522	2.3604266713084953e-05	4.56963890727837e-06
1471	1970-01-01 00:00:01.471	0.03763527115685416	1.2756501830695113	18.589793043233435	0.005227120992804855	1.8680284673551087e-05	3.3356848851908516e-06
1472	1970-01-01 00:00:01.472	0.03748263453956065	1.274052947881916	18.339178487442563	0.005205921453767231	2.0675176896282413e-05	4.503306954514127e-06
1473	1970-01-01 00:00:01.473	0.03732968668897165	1.272254545167603	18.092351649517077	0.005184678698314501	2.0793611423630454e-05	3.6413017797479335e-06
1474	1970-01-01 00:00:01.474	0.03717868973132454	1.270513079284369	17.84640294601381	0.005163706910985562	2.0222812006701195e-05	3.540696013187503e-06
1475	1970-01-01 00:00:01.475	0.03702982726835364	1.268626407747579	17.60202081287098	0.005143031565635739	1.7652656847422678e-05	3.2988146898654812e-06
1476	1970-01-01 00:00:01.476	0.036882489760735424	1.2668655215967761	17.359211710112074	0.005122568019078202	1.8782951273016434e-05	3.595461743476377e-06
1477	1970-01-01 00:00:01.477	0.036736884065947925	1.2650553339638106	17.11933133345943	0.005102345011348591	2.0016492500815835e-05	3.586015518224256e-06
1478	1970-01-01 00:00:01.478	0.03659185820801213	1.2632779833817767	16.881118721723745	0.005082202532920511	1.8628149006649818e-05	3.1693387617590302e-06
1479	1970-01-01 00:00:01.479	0.036449428319057814	1.261394550888021	16.64460933429903	0.005062420601839022	1.8234727544737372e-05	3.276927091873057e-06
1480	1970-01-01 00:00:01.480	0.03630953314917826	1.259597797471555	16.409098496839444	0.005042990711314791	1.9153642053103098e-05	3.668725151745435e-06
1481	1970-01-01 00:00:01.481	0.03616924931163085	1.2577951261694058	16.1766969551201	0.005023506853034134	1.9403293695689002e-05	3.678659417383117e-06
1482	1970-01-01 00:00:01.482	0.03603144855971525	1.2558680514841416	15.945989190872687	0.005004367859085998	1.9823496660612217e-05	3.7109426217763915e-06
1483	1970-01-01 00:00:01.483	0.03589449571672895	1.2540442568569075	15.715467939443847	0.004985346623551023	1.9609786748206755e-05	3.572295749894723e-06
1484	1970-01-01 00:00:01.484	0.035758636730904216	1.2521409923425435	15.48868725224938	0.00496647732097505	1.851648592393019e-05	3.467260976987545e-06
1485	1970-01-01 00:00:01.485	0.03562601339275446	1.2502313511596703	15.261525678231424	0.00494805741486167	1.8645722065832854e-05	3.97016744016696e-06
1486	1970-01-01 00:00:01.486	0.03549207582233047	1.2483890904371235	15.037573036790155	0.004929454983912319	2.0409814182194206e-05	3.806358738990887e-06
1487	1970-01-01 00:00:01.487	0.035360650099142896	1.2463595206601	14.815444620058846	0.0049112014022003325	1.9206613252449915e-05	3.2436227361594633e-06
1488	1970-01-01 00:00:01.488	0.035230137203633806	1.2444233622928795	14.595326351481033	0.004893074621521335	1.9042448136155014e-05	3.1508918459811464e-06
1489	1970-01-01 00:00:01.489	0.03510323981297637	1.2424940112086083	14.375779943636713	0.004875449971690257	2.0404519235576762e-05	4.014843036978064e-06
1490	1970-01-01 00:00:01.490	0.034974215796305864	1.2405893189744253	14.156311592611729	0.004857529978493929	1.9104657128266534e-05	3.6894599285246983e-06
1491	1970-01-01 00:00:01.491	0.03484761507893724	1.2386423984725965	13.94059432486202	0.0048399465469131054	1.8929618802206973e-05	3.2876742731759877e-06
1492	1970-01-01 00:00:01.492	0.0347224883556701	1.2367057395618557	13.726505486469073	0.004822567826675258	1.9063600748704895e-05	3.447089256194495e-06
1493	1970-01-01 00:00:01.493	0.03459950391335366	1.2346611769894287	13.51185425059991	0.00480548665536027	1.997701984178481e-05	4.133634755405649e-06
1494	1970-01-01 00:00:01.494	0.03447593999870534	1.2327250530813052	13.299343774598654	0.0047883250051139305	2.0575115765146945e-05	4.23011409089491e-06
1495	1970-01-01 00:00:01.495	0.03435385674218952	1.23068778950426	13.088637696230313	0.004771368999677252	1.9427611995805577e-05	3.6415449470871375e-06
1496	1970-01-01 00:00:01.496	0.034232931526390876	1.2287136822072364	12.879643518350408	0.00475457382408248	2.0797377928224097e-05	3.901147655525102e-06
1497	1970-01-01 00:00:01.497	0.03411243682263612	1.226684664741385	12.672759556103575	0.004737838449412681	2.0733280417007593e-05	3.540918392791916e-06
1498	1970-01-01 00:00:01.498	0.033994382464343866	1.224659619016607	12.466824653207425	0.004721442014392706	2.109323672627027e-05	3.842604842577014e-06
1499	1970-01-01 00:00:01.499	0.03387634846515577	1.2226332850891515	12.262514405329501	0.004705048395597936	2.013095713515773e-05	3.6940810235532555e-06
1500	1970-01-01 00:00:01.500	0.03376023729218647	1.2205514722915298	12.05819937294813	0.004688921847472095	1.893283812202029e-05	3.5920953376321113e-06
1501	1970-01-01 00:00:01.501	0.03364469566629339	1.2185660065871813	11.855127934918647	0.004672874390949213	2.015402551034451e-05	3.9105864224604975e-06
1502	1970-01-01 00:00:01.502	0.03353003411837884	1.2164968833235121	11.654430534276173	0.004656949180056308	2.0507423122730963e-05	4.0575307139818785e-06
1503	1970-01-01 00:00:01.503	0.033416997386184207	1.2144436917763157	11.452678142763158	0.00464124963861842	2.095060507438816e-05	4.363819026796025e-06
1504	1970-01-01 00:00:01.504	0.03330171924590597	1.2123364617670365	11.255334062995246	0.004625238782223983	1.9568547583138534e-05	3.7633535393546696e-06
1505	1970-01-01 00:00:01.505	0.03319134175949785	1.2102672328377932	11.05755906970598	0.00460990857872481	2.1169887507836144e-05	4.172144607356845e-06
1506	1970-01-01 00:00:01.506	0.03307972094383516	1.2082537841143237	10.86160772881356	0.004594405686141575	2.1902434707601595e-05	4.415762605241229e-06
1507	1970-01-01 00:00:01.507	0.03296998181703763	1.206075908717541	10.665853820217277	0.0045791641459989405	2.046162645598642e-05	4.003179521293094e-06
1508	1970-01-01 00:00:01.508	0.032859972913135596	1.2040186169888771	10.472709014168432	0.004563885122086864	2.216830875649669e-05	4.288448263750087e-06
1509	1970-01-01 00:00:01.509	0.03275172715016272	1.2019171165570832	10.279527721989773	0.0045488509980739856	2.1680192276414953e-05	4.364761721892662e-06
1510	1970-01-01 00:00:01.510	0.032644140622788864	1.1997966905413524	10.087861725852745	0.004533908417328617	2.2102483173230758e-05	4.574873448218739e-06
1511	1970-01-01 00:00:01.511	0.03253696599077725	1.1976462953953084	9.897750021185592	0.00451902305941322	2.1889862285080466e-05	4.423582719044179e-06
1512	1970-01-01 00:00:01.512	0.032436175605999186	1.195505423050939	9.706798168423187	0.004505024389609513	2.6214566452361844e-05	6.5579418942976415e-06
1513	1970-01-01 00:00:01.513	0.03232968046666666	1.193467508148148	9.51651889171717	0.004490233391178451	2.4332264682496298e-05	5.42885597296001e-06
1514	1970-01-01 00:00:01.514	0.03222447585902787	1.1912734042008888	9.329635628248283	0.004475621643732328	2.5840617886857412e-05	5.8551559826604545e-06
1515	1970-01-01 00:00:01.515	0.032132520368682686	1.1892038117232808	9.136217600317593	0.00446285004342723	3.729657949979012e-05	1.0301829400014206e-05
1516	1970-01-01 00:00:01.516	0.03201237585125085	1.1869978	8.957353798985801	0.004446163309668696	2.212005261313252e-05	4.526453011473928e-06
1517	1970-01-01 00:00:01.517	0.03190954815935179	1.1848249261985144	8.777566834166104	0.004431881691627279	2.084922497467792e-05	3.782784874580169e-06
1518	1970-01-01 00:00:01.518	0.03180952823780778	1.1826599835176017	8.595433565488706	0.004417990025232314	2.3202586007929864e-05	4.719922725043829e-06
1519	1970-01-01 00:00:01.519	0.03171023070578636	1.1805022933297071	8.4128977868362	0.004404198716733529	2.3344014009811793e-05	5.455229995147219e-06
1520	1970-01-01 00:00:01.520	0.031625733896502355	1.1783346048953434	8.22552641876321	0.004392463044726257	3.30633553541065e-05	9.809673918787598e-06
1521	1970-01-01 00:00:01.521	0.0315077642015886	1.176150341344837	8.04695845665571	0.004376078354354971	2.1971422899221447e-05	5.012494761621421e-06
1522	1970-01-01 00:00:01.522	0.031419658222283854	1.173949647368786	7.868947074395064	0.0043638414254316025	3.1080710869857174e-05	8.178444033842539e-06
1523	1970-01-01 00:00:01.523	0.031342094632435466	1.1716365798260382	7.680294079124579	0.00435306869949495	4.9591145914750985e-05	1.6346759901948416e-05
1524	1970-01-01 00:00:01.524	0.03125590359724613	1.169717523373494	7.481499060240964	0.0043410977181411355	4.544803599010327e-05	1.6550017573807324e-05
1525	1970-01-01 00:00:01.525	0.031115728766438356	1.1673782955479453	7.331304771712329	0.004321628990684932	2.3504739203839728e-05	5.487823157380837e-06
1526	1970-01-01 00:00:01.526	0.03102318376446281	1.1651048420798897	7.163483697520662	0.004308775524793388	2.3695233059112258e-05	5.989444233343049e-06
1527	1970-01-01 00:00:01.527	0.030927171312872384	1.1630604999307192	6.988888549605099	0.004295440463904669	2.650135461947e-05	6.207183610105996e-06
1528	1970-01-01 00:00:01.528	0.030845880533660587	1.1607383865357643	6.813811434502104	0.004284150068022441	3.6211219283139555e-05	1.0070298951106595e-05
1529	1970-01-01 00:00:01.529	0.03075274785298041	1.1583718762901074	6.63743986428421	0.0042712149893280905	3.9295774913801166e-05	1.1998321332812802e-05
1530	1970-01-01 00:00:01.530	0.03071614661585366	1.156288252765173	6.430998904991492	0.004266131477027793	6.712354428973342e-05	2.5700871850116476e-05
1531	1970-01-01 00:00:01.531	0.030575623221310314	1.1539762158624594	6.275904350714589	0.0042466143335220035	3.807648201922456e-05	1.3787123193316427e-05
1532	1970-01-01 00:00:01.532	0.03047907576351587	1.1518000686431809	6.115043185559819	0.004233204973282176	3.182414865158424e-05	1.2428119474126442e-05
1533	1970-01-01 00:00:01.533	0.03039856278641051	1.149515149314875	5.937473611315157	0.004222022607995479	4.570527647448933e-05	1.6068486595213012e-05
1534	1970-01-01 00:00:01.534	0.03031395853508586	1.1473744524061904	5.772021207123171	0.004210272020139919	4.943409422719243e-05	1.6476543624345632e-05
1535	1970-01-01 00:00:01.535	0.030236722864572203	1.1448321972643727	5.593954092897342	0.004199544848186934	5.911351525382917e-05	2.202767805743946e-05
1536	1970-01-01 00:00:01.536	0.03010991607084777	1.1429070514035211	5.4365941530792625	0.004181932787456692	3.598347942960192e-05	1.1729048311931086e-05
1537	1970-01-01 00:00:01.537	0.030044689033042485	1.1403953593191245	5.27081106386783	0.004172873475683021	4.9918005052375916e-05	1.8427445056870292e-05
1538	1970-01-01 00:00:01.538	0.029932248369311343	1.1383643487861843	5.109616183169368	0.004157256714558709	3.537097394122726e-05	1.1310069724071814e-05
1539	1970-01-01 00:00:01.539	0.029877182445951674	1.13588014222128	4.93440860901512	0.004149608667514484	5.293479859536314e-05	2.023053672329405e-05
1540	1970-01-01 00:00:01.540	0.029737224910192445	1.1336879106913755	4.792505659657876	0.004130170133000713	3.303407224136636e-05	9.21456020788929e-06
1541	1970-01-01 00:00:01.541	0.029689382197747007	1.1315165168257157	4.617402413934132	0.004123525301284351	4.685045804829734e-05	1.7386591675334293e-05
1542	1970-01-01 00:00:01.542	0.02963251652220477	1.1291288544909324	4.43809678237898	0.004115627296015993	6.815779825452877e-05	2.500253772093813e-05
1543	1970-01-01 00:00:01.543	0.029523481465923082	1.1266823775621062	4.284377087636706	0.004100483540812631	5.428842099556892e-05	2.0921962850967036e-05
1544	1970-01-01 00:00:01.544	0.029442903511671743	1.1242872110337827	4.123517613310135	0.0040892921564448315	6.058419104952443e-05	2.269635216630551e-05
1545	1970-01-01 00:00:01.545	0.029332060935659918	1.1226840746086457	3.9718439193594715	0.0040738973487720815	4.366650374624766e-05	1.3912064481737654e-05
1546	1970-01-01 00:00:01.546	0.02926592733026383	1.1197216163852957	3.8138693940656285	0.004064712131111598	5.71154192993744e-05	2.088319688571086e-05
1547	1970-01-01 00:00:01.547	0.029176110858685343	1.117740617202889	3.6495651376668854	0.004052237617932443	5.0348404128795505e-05	1.889143947789744e-05
1548	1970-01-01 00:00:01.548	0.029086107856255934	1.1152693895990067	3.497920223723614	0.004039737200131473	5.026040358623256e-05	1.7875289090515362e-05
1549	1970-01-01 00:00:01.549	0.029015621814928425	1.11305292886357	3.3359844042506572	0.0040299474804265266	5.607361133874525e-05	2.1306610011396043e-05
1550	1970-01-01 00:00:01.550	0.028915006872814685	1.110838065850816	3.187525368808275	0.004015973182765152	4.379764359840837e-05	1.648922232248529e-05
1551	1970-01-01 00:00:01.551	0.02885967151264199	1.1085095073653353	3.022008112128985	0.004008287712128985	5.772238704455845e-05	2.2877001894491293e-05
1552	1970-01-01 00:00:01.552	0.02882319582615101	1.1058156747697974	2.8450725764272558	0.004003221638232044	8.357278789637718e-05	3.342109319383691e-05
1553	1970-01-01 00:00:01.553	0.02868133821017699	1.103798393436578	2.7101871115044247	0.003983519195427729	5.969458541037611e-05	2.074942637455225e-05
1554	1970-01-01 00:00:01.554	0.028607741752996893	1.1012036648660648	2.559420555867989	0.003973297466627202	6.248550411548024e-05	2.3685998674576986e-05
1555	1970-01-01 00:00:01.555	0.02855384063174228	1.0991923353775677	2.3946696729717747	0.003965811196394267	7.599024347832127e-05	2.7428624779462262e-05
1556	1970-01-01 00:00:01.556	0.02842774920338983	1.0968750898305084	2.2607222190125276	0.0039482985004421515	5.256222070149595e-05	1.8410795765096892e-05
1557	1970-01-01 00:00:01.557	0.028383822302680845	1.0936718038041036	2.103435577055564	0.003942197538190804	8.210478164428635e-05	3.148223283645835e-05
1558	1970-01-01 00:00:01.558	0.02835467591364112	1.0925347191842223	1.92484142492156	0.003938149427610936	8.5793000250508e-05	3.343455406366614e-05
1559	1970-01-01 00:00:01.559	0.028260684873365707	1.0896006062756818	1.7733013881957416	0.00392509512782966	8.580566791367613e-05	3.3464419219046396e-05
1560	1970-01-01 00:00:01.560	0.028161483301844353	1.087389422477133	1.63450394894287	0.003911317122881991	7.909627796593567e-05	2.969506389724786e-05
1561	1970-01-01 00:00:01.561	0.02807287045437533	1.0847052808593458	1.4921383244254809	0.003899009784265289	8.144024301662099e-05	3.1247303662880195e-05
1562	1970-01-01 00:00:01.562	0.027994501088028693	1.0826327531011808	1.3458389721267372	0.003888125144821402	6.934746186843057e-05	2.620025099890556e-05
1563	1970-01-01 00:00:01.563	0.027935137727751844	1.0799065076569794	1.193909615645234	0.003879880244165035	9.10391889457974e-05	3.5928628401467566e-05
1564	1970-01-01 00:00:01.564	0.02782039345869204	1.0784831238483614	1.0559218901600966	0.0038639435382117507	5.8044145588516844e-05	2.016671796761428e-05
1565	1970-01-01 00:00:01.565	0.02778430632255139	1.0750755073155984	0.9084424972566506	0.0038589314324365175	8.840755798212364e-05	3.3912609619750645e-05
1566	1970-01-01 00:00:01.566	0.027657090808118914	1.0738258793480722	0.767147816615106	0.003841262602429639	5.583528411644911e-05	2.107252173429071e-05
1567	1970-01-01 00:00:01.567	0.027650082641825093	1.070437019285171	0.6104392134752852	0.0038402892419771863	9.645899477680305e-05	3.7480647644743526e-05
1568	1970-01-01 00:00:01.568	0.027550405846036585	1.0681797233384147	0.46306594240091464	0.0038264452608993906	8.398809320518293e-05	3.335578866862668e-05
1569	1970-01-01 00:00:01.569	0.02755269391444096	1.0658292197597	0.2950102818856662	0.0038267630332134385	0.00011505925259580393	4.793161456229814e-05
1570	1970-01-01 00:00:01.570	0.027409585083193404	1.0632147954892381	0.16738380426194477	0.0038068868185009925	8.887284010113265e-05	3.523622222912075e-05
1571	1970-01-01 00:00:01.571	0.027363714467417106	1.0608764132475688	0.01699502028471782	0.0038005158944789037	0.0001018924748507581	4.0105811161525193e-05
1572	1970-01-01 00:00:01.572	0.027296989403606104	1.0593333984204039	-0.12607626279935275	0.0037912485265063954	9.512902371004161e-05	3.7892668310939435e-05
1573	1970-01-01 00:00:01.573	0.027186275839201423	1.0560110338698445	-0.2552996294358895	0.003775871643426449	9.248981970480385e-05	3.650443375931192e-05
1574	1970-01-01 00:00:01.574	0.027167348481647133	1.0539541537091301	-0.4091766434068476	0.0037732428451573105	0.00011437375241410395	4.5404162173148826e-05
1575	1970-01-01 00:00:01.575	0.027066589878322868	1.0510601588467798	-0.5495700886770519	0.003759248590560335	0.00010757712949845928	4.3870373786202936e-05
1576	1970-01-01 00:00:01.576	0.027094003841807907	1.0486589763021437	-0.7133113198591441	0.0037630560945747234	0.0001320069151692431	5.4019652625725975e-05
1577	1970-01-01 00:00:01.577	0.026891029506872718	1.047798898633222	-0.8267858813621186	0.003734865210530403	8.22276297108022e-05	3.2841585287114746e-05
1578	1970-01-01 00:00:01.578	0.026886573819276165	1.0436088631517237	-0.9724459861564918	0.0037342463601969826	0.00013336978000808255	5.270658677187297e-05
1579	1970-01-01 00:00:01.579	0.026874365868263472	1.042306162345439	-1.1398706852787932	0.0037325508147600904	0.00012052404665630127	5.094246797605648e-05
1580	1970-01-01 00:00:01.580	0.0266672609864664	1.0389470216772276	-1.2316206079167644	0.0037037862430571856	9.180209627002269e-05	3.6325284734024426e-05
1581	1970-01-01 00:00:01.581	0.026738997127210142	1.0368339660147083	-1.399267809341261	0.003713749598184948	0.000137659792983422	5.611806862793959e-05
1582	1970-01-01 00:00:01.582	0.026548593439981134	1.0345833203836177	-1.5179106431884286	0.003687304642873988	0.00010846541120083248	4.198628428676233e-05
1583	1970-01-01 00:00:01.583	0.02649880757489974	1.0321992827081858	-1.6455228496500747	0.00368038993850751	9.790408440138004e-05	4.0058369902312416e-05
1584	1970-01-01 00:00:01.584	0.026480160762685157	1.0301135926804286	-1.7944920397888433	0.0036778001125906084	0.0001194844721731516	4.765414277820043e-05
1585	1970-01-01 00:00:01.585	0.026464623211891806	1.0274965116788897	-1.9496770620613515	0.003675642107483637	0.0001221437905334201	5.4279334595368115e-05
1586	1970-01-01 00:00:01.586	0.026330484792195432	1.0247102458359771	-2.074977504758883	0.0036570117748255075	0.0001208984281841331	5.072154061431738e-05
1587	1970-01-01 00:00:01.587	0.026209951607086113	1.021489390403559	-2.1894448864791864	0.003640271048141087	0.00011018020536415635	4.3933034553684974e-05
1588	1970-01-01 00:00:01.588	0.026229260336622633	1.020384184672927	-2.3445109632341237	0.0036429528252427184	0.0001277271079459096	5.372834180499559e-05
1589	1970-01-01 00:00:01.589	0.026093965039269112	1.0181892081743869	-2.4593439378906874	0.003624161803814714	0.00010990007441570685	4.407510048328005e-05
1590	1970-01-01 00:00:01.590	0.02612735708645717	1.0146440660950709	-2.617182881241027	0.003628799590445047	0.00014128497816053598	5.813514843286005e-05
1591	1970-01-01 00:00:01.591	0.02602100494251038	1.0134271067230918	-2.7438587582242095	0.0036140284630309808	0.00012441867724886777	5.2177901988437424e-05
1592	1970-01-01 00:00:01.592	0.025945103027545102	1.0089279342702964	-2.869910675418814	0.003603486533666237	0.00013405417312040835	5.542820617868598e-05
1593	1970-01-01 00:00:01.593	0.02580236885200999	1.0092497610489004	-2.984214908402481	0.0035836623378715862	0.00010290716237795053	4.012002792511059e-05
1594	1970-01-01 00:00:01.594	0.025748996112501008	1.0048170064885804	-3.1058192822209665	0.0035762494592849648	0.00011716367641837624	4.600162100199661e-05
1595	1970-01-01 00:00:01.595	0.025677462738817436	1.0032644016339076	-3.236026001051525	0.0035663142674108228	0.00010883166285721911	4.243270353415583e-05
1596	1970-01-01 00:00:01.596	0.025637151833022013	0.9998280749045724	-3.3660655983919434	0.0035607155330138877	0.00011953649409789247	4.96424586400558e-05
1597	1970-01-01 00:00:01.597	0.02562490570346849	0.9986070914427617	-3.5152385642403514	0.00355901468205504	0.00012256711100717228	5.1437066151456304e-05
1598	1970-01-01 00:00:01.598	0.0255337594769055	0.9962067878815081	-3.639977037049127	0.003546355485963767	0.00012406230362258037	5.0623401341927655e-05
1599	1970-01-01 00:00:01.599	0.025415421874183008	0.993116297116013	-3.7550575581699346	0.003529919703349673	0.00011147842989243032	4.456551871468168e-05
1600	1970-01-01 00:00:01.600	0.025488973334965716	0.9901710436908261	-3.9102546933561864	0.003540135180460333	0.00014478035295145282	6.378789298538795e-05
1601	1970-01-01 00:00:01.601	0.02531507671842905	0.9880486412455838	-4.020113662065565	0.0035159828746199988	0.00011703133958051926	4.857934654305476e-05
1602	1970-01-01 00:00:01.602	0.0252685480944545	0.9856919270857332	-4.142988218117492	0.0035095205719927595	0.0001235929373170808	4.968827530961414e-05
1603	1970-01-01 00:00:01.603	0.025228708397657926	0.9831847330941778	-4.28163271458024	0.003503987278739898	0.00013950219057358155	5.7717158331483276e-05
1604	1970-01-01 00:00:01.604	0.02526461991755977	0.9797598333718054	-4.431500679967024	0.003508974987716406	0.00015522287757330585	6.628114435197398e-05
1605	1970-01-01 00:00:01.605	0.025169365328811318	0.9785246060964512	-4.559114422284722	0.003495745183638018	0.00014774500449066922	6.279025914727758e-05
1606	1970-01-01 00:00:01.606	0.025097413480891985	0.9742934091270828	-4.679215934759181	0.0034857518754870262	0.00015160749732792008	6.581409858621964e-05
1607	1970-01-01 00:00:01.607	0.024943016930791546	0.9748282544218815	-4.780945355408205	0.00346430790435143	0.00011607655856533776	4.673263132171206e-05
1608	1970-01-01 00:00:01.608	0.02496878008413862	0.9700267037320893	-4.919511924691769	0.0034678861208763748	0.00015669690602052649	6.706419240351653e-05
1609	1970-01-01 00:00:01.609	0.024876827988948424	0.968197519909578	-5.035607149698594	0.0034551149978231752	0.00013581271697994725	5.728028872499024e-05
1610	1970-01-01 00:00:01.610	0.024824961992471768	0.9666983320033459	-5.166170712839816	0.003447911378084483	0.00014218515468837305	5.7616081206476045e-05
1611	1970-01-01 00:00:01.611	0.02485214707243461	0.961577096210597	-5.307243455734406	0.0034516871007712942	0.00016461611506390006	7.276971935942071e-05
1612	1970-01-01 00:00:01.612	0.024640544566736845	0.9602282681515789	-5.393253784336842	0.0034222978571789475	0.0001352730465834358	5.725582670739302e-05
1613	1970-01-01 00:00:01.613	0.024664591595583277	0.959287042211733	-5.536900464261632	0.0034256377186446395	0.00013724860000592548	5.974900975612813e-05
1614	1970-01-01 00:00:01.614	0.024539507565571682	0.9548935696460402	-5.635078739495799	0.0034082649393939396	0.0001386973204392921	5.960103989771387e-05
1615	1970-01-01 00:00:01.615	0.024806394827325436	0.9521415036635577	-5.844624466683472	0.003445332614822284	0.00019289767386986722	9.12062731690296e-05
1616	1970-01-01 00:00:01.616	0.024422878732346436	0.9510507586523738	-5.895429044580569	0.003392066495490897	0.00013609857112046282	5.92142253813597e-05
1617	1970-01-01 00:00:01.617	0.024395203331044547	0.9477324410093554	-6.012990487425973	0.0033882226849197496	0.0001365935696899408	6.133938097637807e-05
1618	1970-01-01 00:00:01.618	0.02433113518961394	0.945904618406218	-6.131890995985651	0.0033793243321660403	0.00013966040113402376	5.787278683636098e-05
1619	1970-01-01 00:00:01.619	0.02437017928413158	0.9424439829810807	-6.265380009289245	0.0033847471199931825	0.00016944515611755243	7.482076172550104e-05
1620	1970-01-01 00:00:01.620	0.024256623031367844	0.9403128004885156	-6.386240696348989	0.0033689754209804594	0.0001499434054904868	6.56786784734526e-05
1621	1970-01-01 00:00:01.621	0.024067976322253715	0.9402163367516962	-6.466861444043632	0.003342774492312978	0.00011942698765298463	4.641955381464523e-05
1622	1970-01-01 00:00:01.622	0.02402043281220292	0.9361483974764497	-6.570845179241207	0.0033361712261688707	0.00012458229905452857	5.2778443884554e-05
1623	1970-01-01 00:00:01.623	0.02413800634057971	0.9314578795462388	-6.723679829710145	0.0033525008795721187	0.0001661164304715994	7.548604630600822e-05
1624	1970-01-01 00:00:01.624	0.02385616315297377	0.9325016684010042	-6.813382258852047	0.0033133559943727816	0.000108572017136499	4.514796137647953e-05
1625	1970-01-01 00:00:01.625	0.02389797976721883	0.9286565017698344	-6.932122362423714	0.0033191638601569313	0.00013307218929671142	5.658973722192989e-05
1626	1970-01-01 00:00:01.626	0.023930692708913646	0.9243874362116992	-7.07157789571727	0.003323707322597493	0.00016993688258617584	7.315986424563955e-05
1627	1970-01-01 00:00:01.627	0.023829155363977977	0.923070572140173	-7.193561920999738	0.0033096049081534564	0.0001471107253294241	6.333743578284485e-05
1628	1970-01-01 00:00:01.628	0.023711796411131532	0.9215857358974359	-7.288192384352848	0.0032933050545199964	0.00013459985840814736	5.710165922110063e-05
1629	1970-01-01 00:00:01.629	0.023627600064538946	0.9185850508089469	-7.388330069931925	0.0032816111180266993	0.00012741612145451332	5.369525145313437e-05
1630	1970-01-01 00:00:01.630	0.023516801355480545	0.916072366201812	-7.485864349440398	0.0032662224113519274	0.00012036602021489607	5.1108222750630616e-05
1631	1970-01-01 00:00:01.631	0.02354117380256751	0.9138936061443116	-7.623724951837096	0.0032696074717131476	0.00012735180307082443	5.715539086540131e-05
1632	1970-01-01 00:00:01.632	0.023570958193914665	0.9089841813181939	-7.746770000532246	0.0032737441876164288	0.00015721209644887783	6.86902964946918e-05
1633	1970-01-01 00:00:01.633	0.023626661644235877	0.906791124933593	-7.9108059496192675	0.003281480773773685	0.00016476273809021605	7.786304011692844e-05
1634	1970-01-01 00:00:01.634	0.023503041998048087	0.9062220487268211	-8.0180712272203	0.0032643113894064413	0.00015311071369041788	7.05121501762242e-05
1635	1970-01-01 00:00:01.635	0.023275991268323203	0.9028084480336075	-8.075160084644262	0.003232776562120129	0.00013028496830160352	5.726290455343513e-05
1636	1970-01-01 00:00:01.636	0.02347925251692198	0.8986871608033487	-8.236258207962237	0.0032610072964909154	0.0001647880706603046	8.1705182416579e-05
1637	1970-01-01 00:00:01.637	0.023201887864129946	0.8990293496006462	-8.321974323521493	0.0032224844283406627	0.00012571665862694067	5.5529716279057513e-05
1638	1970-01-01 00:00:01.638	0.023152688736889693	0.8952418426853527	-8.411691691500904	0.003215651208227848	0.00012720685635969078	5.9168608874360144e-05
1639	1970-01-01 00:00:01.639	0.02313657870506203	0.8920723889703884	-8.524797281083039	0.003213413705695916	0.00014060060566054513	6.407706153208714e-05
1640	1970-01-01 00:00:01.640	0.02307745932385952	0.8912834052407677	-8.643715882150614	0.0032052026832005793	0.00013547222106325126	6.15070546932956e-05
1641	1970-01-01 00:00:01.641	0.02320028755881288	0.8856115698335144	-8.788425260948244	0.003222262165671372	0.00016672133564526784	8.1988538949267e-05
1642	1970-01-01 00:00:01.642	0.022871458824815526	0.8867709041450305	-8.864839510522001	0.0031765915102487017	0.0001243680441741095	5.2299812736530604e-05
1643	1970-01-01 00:00:01.643	0.022745785472997795	0.8834416739897134	-8.924759337711242	0.0031591368757347537	0.00011253240885574945	4.657220889135271e-05
1644	1970-01-01 00:00:01.644	0.022636899492526296	0.8805691266377561	-9.008758986344343	0.003144013822291936	0.00010653280129334102	4.527233027118578e-05
1645	1970-01-01 00:00:01.645	0.022630379149347065	0.87964086098032	-9.128548640702594	0.0031431082194224753	0.00011291951065469376	4.5201757805684994e-05
1646	1970-01-01 00:00:01.646	0.022541481819949985	0.8747090558673706	-9.218243504214135	0.003130761353061036	0.00010575781863473187	4.601830067878811e-05
1647	1970-01-01 00:00:01.647	0.022510307434971767	0.875146822012404	-9.34488068647598	0.0031264315830787748	0.00010158934160879384	4.280060419094629e-05
1648	1970-01-01 00:00:01.648	0.022514883627651656	0.8704214556940826	-9.45723974339412	0.003127067167286937	0.00011798639702508374	5.318240107344277e-05
1649	1970-01-01 00:00:01.649	0.022406634550982227	0.8671925134705333	-9.555638050233863	0.0031120325770813842	0.00011718489764233863	4.9460563237422276e-05
1650	1970-01-01 00:00:01.650	0.022410120830611294	0.8653438404853009	-9.679406871301914	0.003112516785814279	0.00012095961925112926	5.2187154326517244e-05
1651	1970-01-01 00:00:01.651	0.022156002800188056	0.8651377338598966	-9.736848061401034	0.003077222607522332	8.529231807161261e-05	3.3130593150697954e-05
1652	1970-01-01 00:00:01.652	0.022317269268659522	0.8593160554803534	-9.866208842075578	0.0030996207364166195	0.00011391576922943224	5.478539498217909e-05
1653	1970-01-01 00:00:01.653	0.022299202385528547	0.858101854597701	-10.008762898436027	0.0030971114398907103	0.00012433657575114	5.539781508449265e-05
1654	1970-01-01 00:00:01.654	0.02219253820168385	0.8544990851196671	-10.093998734273011	0.0030822969677419356	0.00011599211388167061	5.286025962212252e-05
1655	1970-01-01 00:00:01.655	0.02203559601515869	0.8552181988346755	-10.192537102794883	0.0030604994594978685	0.00010167539789568925	4.0818655752222855e-05
1656	1970-01-01 00:00:01.656	0.021794922507141497	0.8515258948962103	-10.230716944391546	0.0030270725696057896	7.399991183621215e-05	2.8912010849035073e-05
1657	1970-01-01 00:00:01.657	0.021871468235913134	0.8486001739213622	-10.351372338084762	0.003037703911221659	9.451920075965752e-05	3.874971782481062e-05
1658	1970-01-01 00:00:01.658	0.021761450194593558	0.8461636823044478	-10.446222923696318	0.0030224236356403375	9.366116310283743e-05	3.466136242274327e-05
1659	1970-01-01 00:00:01.659	0.021917362518262207	0.84158376435025	-10.585060152825836	0.0030440781312956557	0.00011631453177456747	5.2456403686749915e-05
1660	1970-01-01 00:00:01.660	0.02199884597151381	0.8389489699258974	-10.743923211432971	0.003055395269271485	0.0001254994675274372	6.238589177941475e-05
1661	1970-01-01 00:00:01.661	0.021924615525679467	0.8355945128542411	-10.846800463294322	0.003045085486507399	0.0001195172441627817	6.129473284868464e-05
1662	1970-01-01 00:00:01.662	0.02196849967559669	0.8329612702191914	-10.980236542620556	0.0030511805106673163	0.00011058177931756455	6.734049314753084e-05
1663	1970-01-01 00:00:01.663	0.021891349116614663	0.830635412948518	-11.08158231474259	0.003040465157273791	0.00011497470748116908	6.598679536335364e-05
1664	1970-01-01 00:00:01.664	0.02181686758127693	0.8280534101155504	-11.176725275166472	0.0030301205045045044	0.00011288027506423815	6.373173085591546e-05
1665	1970-01-01 00:00:01.665	0.02174398365171297	0.8255982413860804	-11.270572521841562	0.003019997724747227	0.00010982289207041327	6.132195677416596e-05
1666	1970-01-01 00:00:01.666	0.021667893172005914	0.8232885751404633	-11.363134777723015	0.0030094296016757024	0.00010765537648578611	6.069019140449341e-05
1667	1970-01-01 00:00:01.667	0.021593686212315902	0.8208183112187407	-11.455056839972324	0.0029991230859938716	0.00010885942055390927	5.810944816025177e-05
1668	1970-01-01 00:00:01.668	0.021520100473731252	0.8183803858774455	-11.547171391399344	0.0029889028440758763	9.854047091385441e-05	5.661251492006995e-05
1669	1970-01-01 00:00:01.669	0.021446856250873166	0.8160653667697835	-11.63902631972857	0.002978730039018062	9.92064250560523e-05	5.4580551931890446e-05
1670	1970-01-01 00:00:01.670	0.02137307340057925	0.8134418056925996	-11.73035375811445	0.002968482418156397	9.396202982426845e-05	5.304247183678132e-05
1671	1970-01-01 00:00:01.671	0.021300052375175457	0.8111940086825746	-11.821460162422298	0.002958340609584921	9.679877102722078e-05	5.118731719390934e-05
1672	1970-01-01 00:00:01.672	0.02122577341768323	0.8087072179151124	-11.911947459421313	0.002948024089726787	9.052915098310314e-05	4.979099005506377e-05
1673	1970-01-01 00:00:01.673	0.021153962157060665	0.8062237695770668	-12.002565278086202	0.002938050302614313	9.277400954923792e-05	4.8811573657497885e-05
1674	1970-01-01 00:00:01.674	0.021082845481481483	0.803860653384069	-12.093274850329783	0.002928172971182141	8.871722992322679e-05	4.679495879804028e-05
1675	1970-01-01 00:00:01.675	0.021010459125977057	0.8013022841234393	-12.183280404019897	0.0029181193217947413	8.829554792467333e-05	4.5498042254548036e-05
1676	1970-01-01 00:00:01.676	0.020939391162838186	0.7989271594078612	-12.273275510974987	0.002908248775701889	8.281565504591119e-05	4.393373488432462e-05
1677	1970-01-01 00:00:01.677	0.020866887528182006	0.7965872839311334	-12.362638012912482	0.002898178823631892	8.306362493250666e-05	4.238769551683898e-05
1678	1970-01-01 00:00:01.678	0.020794600635083753	0.7939306539718426	-12.451527681636009	0.0028881389793443636	7.595945628342411e-05	4.0590952971240144e-05
1679	1970-01-01 00:00:01.679	0.02072474776437848	0.7917627837250051	-12.540711805813235	0.0028784371892393323	7.685889754332612e-05	3.9935904746139827e-05
1680	1970-01-01 00:00:01.680	0.02065637265320911	0.7890286634886129	-12.630124590062112	0.0028689406477225674	7.564782344189441e-05	3.859450267883028e-05
1681	1970-01-01 00:00:01.681	0.02058580317123857	0.7867149302161264	-12.718654879467996	0.002859139332502078	7.48165120495636e-05	3.705344920173853e-05
1682	1970-01-01 00:00:01.682	0.02051499770952629	0.7842690395419053	-12.806837921915669	0.0028493052416449765	7.320022203769912e-05	3.6510211592801204e-05
1683	1970-01-01 00:00:01.683	0.020447755359983256	0.781674028871913	-12.895433013813312	0.002839966024382587	7.036702668972374e-05	3.4824964284597217e-05
1684	1970-01-01 00:00:01.684	0.020377110444234407	0.7794400402226423	-12.983011387313589	0.0028301542332493175	7.021655726746356e-05	3.381014628670449e-05
1685	1970-01-01 00:00:01.685	0.02031036817732436	0.7769637056163231	-13.070975195624738	0.0028208844502524187	6.765787524223285e-05	3.213377206785514e-05
1686	1970-01-01 00:00:01.686	0.0202402679626109	0.7743900965885087	-13.157995	0.00281114833069286	6.725251028499156e-05	3.190679490447187e-05
1687	1970-01-01 00:00:01.687	0.02017155090109191	0.7719109516484682	-13.244923201526555	0.002801604285381109	6.492677440404113e-05	3.0479715859696852e-05
1688	1970-01-01 00:00:01.688	0.020108371776504298	0.7694783008489865	-13.332781083519048	0.00279282941197071	6.276919199197497e-05	2.9461228948807424e-05
1689	1970-01-01 00:00:01.689	0.020038787718306854	0.7671532577673525	-13.419335096492164	0.0027831649605501653	5.932172652510182e-05	2.8317927162849934e-05
1690	1970-01-01 00:00:01.690	0.01996953790980979	0.7644231815238298	-13.505023678136354	0.0027735469367386194	5.983394037068818e-05	2.763103760312719e-05
1691	1970-01-01 00:00:01.691	0.019904332936124532	0.7621176567364466	-13.59133751798175	0.0027644906836285558	6.139143161184111e-05	2.6287310553470978e-05
1692	1970-01-01 00:00:01.692	0.019839791702653348	0.7596613730046191	-13.677634803953163	0.0027555266226232675	5.788841175739606e-05	2.5722876481931357e-05
1693	1970-01-01 00:00:01.693	0.019772281221851096	0.7570899532701217	-13.763219056136194	0.0027461501695937936	5.865905914750566e-05	2.508412895456773e-05
1694	1970-01-01 00:00:01.694	0.019705668195619173	0.7548038023639124	-13.848263166341358	0.0027368983661895468	5.575373013154414e-05	2.411006308854695e-05
1695	1970-01-01 00:00:01.695	0.01964240283150223	0.7520712660611335	-13.93386163276406	0.002728111499510497	5.967196059241815e-05	2.3064054612669992e-05
1696	1970-01-01 00:00:01.696	0.019574738007408214	0.7497734038457348	-14.01819093256346	0.0027187136108508553	5.624085693655354e-05	2.2021843883384316e-05
1697	1970-01-01 00:00:01.697	0.01951025936151572	0.7471702579126054	-14.102793563684154	0.002709758248384624	5.1939848350718435e-05	2.1612206981068457e-05
1698	1970-01-01 00:00:01.698	0.019444272732864674	0.7447913641366433	-14.18703330404218	0.0027005934383787346	5.090771914618849e-05	2.0930157649241586e-05
1699	1970-01-01 00:00:01.699	0.01937902378494387	0.7423493584965882	-14.2707439533348	0.0026915310841954657	4.967433987561402e-05	1.9750075345752758e-05
1700	1970-01-01 00:00:01.700	0.01931395763335174	0.7397726190502485	-14.35420582109332	0.002682494127885146	5.0274386966581994e-05	1.9488137527426107e-05
1701	1970-01-01 00:00:01.701	0.01925042253191253	0.7372169997890998	-14.437689216339216	0.0026736697928737927	4.7719229934398936e-05	1.8594040362559373e-05
1702	1970-01-01 00:00:01.702	0.019186724223063223	0.7348140678205699	-14.520981332368654	0.0026648228122217277	4.657804324091385e-05	1.7878969344354453e-05
1703	1970-01-01 00:00:01.703	0.0191234348671875	0.7323160287388393	-14.6039492734375	0.0026560326199776786	4.644604930244755e-05	1.6945780546147574e-05
1704	1970-01-01 00:00:01.704	0.01906038720777046	0.7298667680585017	-14.686744920174167	0.00264727600815005	4.906042564603997e-05	1.691354986131868e-05
1705	1970-01-01 00:00:01.705	0.01899681205763624	0.7273752249159003	-14.769110632428795	0.0026384461244673696	4.6271340715821934e-05	1.5995340083828234e-05
1706	1970-01-01 00:00:01.706	0.018935553431846275	0.724857390032588	-14.85152373300371	0.00262993797471626	4.4736416406079336e-05	1.5426977174071847e-05
1707	1970-01-01 00:00:01.707	0.01887067558554489	0.7224526497910785	-14.932890719367588	0.002620927165330322	4.4047836812559005e-05	1.4567632048878856e-05
1708	1970-01-01 00:00:01.708	0.018809286188585045	0.7197183751049586	-15.014514467264268	0.0026124008607738567	4.3015414787790765e-05	1.4624614501271473e-05
1709	1970-01-01 00:00:01.709	0.01874984571525963	0.7173351777866152	-15.096520045449381	0.0026041452403136006	4.268236807596864e-05	1.3692392830992208e-05
1710	1970-01-01 00:00:01.710	0.01868576027856737	0.7148466357248436	-15.17715054235361	0.0025952444826606025	4.0798009234084144e-05	1.3220638092316231e-05
1711	1970-01-01 00:00:01.711	0.018622860193688046	0.712332034954996	-15.257654764725986	0.0025865083699441725	4.004323914669021e-05	1.2905569097768896e-05
1712	1970-01-01 00:00:01.712	0.01856362831231369	0.7100014716693419	-15.338619304058703	0.0025782817123366202	3.941839684991974e-05	1.2242006900603001e-05
1713	1970-01-01 00:00:01.713	0.018499833900871957	0.707323599919688	-15.418382120238642	0.002569421377696191	3.739163119695962e-05	1.1935275267319785e-05
1714	1970-01-01 00:00:01.714	0.01844061614047208	0.7047636447783535	-15.498499197466895	0.0025611966809441565	3.8004437386113985e-05	1.1351360977412097e-05
1715	1970-01-01 00:00:01.715	0.018380387898742936	0.702373630988352	-15.578177830700035	0.002552831654249798	3.63905999433318e-05	1.1030783639743336e-05
1716	1970-01-01 00:00:01.716	0.018320512328624364	0.6999625218040759	-15.6577042438629	0.002544515615099583	3.4329501097292725e-05	1.0468098696625819e-05
1717	1970-01-01 00:00:01.717	0.018256646037626292	0.6972746121704796	-15.736316564858901	0.0025356452920682845	3.5069625593287655e-05	1.0192284795580465e-05
1718	1970-01-01 00:00:01.718	0.01819999301291749	0.6948373060281624	-15.8155546793902	0.002527776800186198	3.4133815870732e-05	9.894743956112805e-06
1719	1970-01-01 00:00:01.719	0.018138740325412617	0.6922532650825237	-15.894274976003747	0.0025192694940887276	3.36685121230048e-05	9.391070565322263e-06
1720	1970-01-01 00:00:01.720	0.0180798648038412	0.6898964941210914	-15.972153905609554	0.0025110923314205407	3.153408998721162e-05	8.851727206910643e-06
1721	1970-01-01 00:00:01.721	0.017995896439069552	0.6872180316745747	-16.04661855340817	0.002499430066080315	3.27899195014003e-05	7.907868265753814e-06
1722	1970-01-01 00:00:01.722	0.01788966346078769	0.6857769356987026	-16.114020462739695	0.002484675479618785	2.564183853074291e-05	5.1447869758822815e-06
1723	1970-01-01 00:00:01.723	0.017807139914772726	0.6830398253977272	-16.183562095454544	0.002473213887727273	2.5910312933809204e-05	4.352884919222058e-06
1724	1970-01-01 00:00:01.724	0.017801996087560803	0.6792076746699096	-16.26741401783646	0.002472499453439889	2.899652675594441e-05	6.357940544637069e-06
1725	1970-01-01 00:00:01.725	0.017703779641964085	0.6784422556490112	-16.341448408729256	0.002458858280177313	2.394501817706297e-05	3.8961051095067684e-06
1726	1970-01-01 00:00:01.726	0.01769128948807446	0.6745411362070971	-16.424102497963933	0.002457123546131472	2.809029618466434e-05	5.949159237872176e-06
1727	1970-01-01 00:00:01.727	0.017613325745370372	0.6727150840393519	-16.498142931712962	0.0024462952427083333	2.640546583703125e-05	4.621173406280892e-06
1728	1970-01-01 00:00:01.728	0.017560302675351868	0.6697789767825986	-16.575775284401537	0.002438930935558916	2.6849794053728044e-05	4.757185777105862e-06
1729	1970-01-01 00:00:01.729	0.017482339275378962	0.6674770649862196	-16.64901744832338	0.0024281026757005052	2.4297809958153422e-05	3.706678627627374e-06
1730	1970-01-01 00:00:01.730	0.017437768513746694	0.6649744842056827	-16.724699398366504	0.0024219122947198896	2.5242951374662257e-05	3.8017967031830766e-06
1731	1970-01-01 00:00:01.731	0.01739800013214327	0.6622976770256173	-16.804593818245046	0.002416388901008462	2.4733601595526835e-05	4.195518326948197e-06
1732	1970-01-01 00:00:01.732	0.01735047144314362	0.6596706216761331	-16.8802468737684	0.002409787694331749	2.4790485719285964e-05	4.080977356944276e-06
1733	1970-01-01 00:00:01.733	0.01727554574893175	0.6574749943295993	-16.953252816722486	0.002399381348192632	2.419397672952997e-05	3.3114677467984637e-06
1734	1970-01-01 00:00:01.734	0.01720851109625057	0.6546580982395976	-17.026095214906263	0.002390070985025149	2.4680875379970277e-05	2.9811989007794335e-06
1735	1970-01-01 00:00:01.735	0.017185195689275363	0.6521865375304348	-17.105119828405797	0.0023868327282318843	2.5158211922088112e-05	3.7116374206098904e-06
1736	1970-01-01 00:00:01.736	0.017119250667212923	0.6492862722462835	-17.178411367201218	0.0023776737093526863	2.3959482082139764e-05	3.4487868451991603e-06
1737	1970-01-01 00:00:01.737	0.01707770504897388	0.6467961361007463	-17.254190391791045	0.002371903470499067	2.3536706556437848e-05	3.4788595651553687e-06
1738	1970-01-01 00:00:01.738	0.01699986033121754	0.644669556203116	-17.32534137218696	0.0023610917145989612	2.2662710108390073e-05	2.718010442196928e-06
1739	1970-01-01 00:00:01.739	0.016959912173307005	0.6416088611220815	-17.39908322104774	0.002355543361366012	2.4312441074740388e-05	3.002297750188063e-06
1740	1970-01-01 00:00:01.740	0.01690297764089427	0.6395013521075921	-17.473657411504426	0.002347635796460177	2.3207261259896367e-05	2.8284526818742505e-06
1741	1970-01-01 00:00:01.741	0.016857211708343072	0.6366258910843655	-17.54609770857677	0.0023412794146996964	2.4622906762249358e-05	2.9665409140410386e-06
1742	1970-01-01 00:00:01.742	0.016823347700553656	0.6340042123218282	-17.6236109753799	0.0023365760749204855	2.430897690961244e-05	3.2091268065907305e-06
1743	1970-01-01 00:00:01.743	0.016772615474357457	0.6310066654269809	-17.697110636029848	0.002329529923842236	2.362610508311619e-05	3.4658959554113357e-06
1744	1970-01-01 00:00:01.744	0.01673224698260561	0.6290478466690332	-17.77205834694119	0.002323923189208378	2.344996619895042e-05	3.3148454885847787e-06
1745	1970-01-01 00:00:01.745	0.01664492591534515	0.6264123277285447	-17.83764015158582	0.0023117952676072764	2.2628689902362405e-05	2.5216351745240195e-06
1746	1970-01-01 00:00:01.746	0.01660558253334907	0.6237119381773109	-17.910392745838745	0.0023063309119348363	2.1573924224706646e-05	2.8154096778735485e-06
1747	1970-01-01 00:00:01.747	0.01656159366030127	0.6207610723757562	-17.982912557229273	0.0023002213457478356	2.0777950702802752e-05	2.848805080526968e-06
1748	1970-01-01 00:00:01.748	0.01649430976733255	0.6187115494594595	-18.051806373678026	0.00229087635640423	2.1207758343166863e-05	2.294901048329948e-06
1749	1970-01-01 00:00:01.749	0.016454824876550502	0.6159820412640283	-18.123582268163023	0.002285392355463674	2.053033890929356e-05	2.583096357344679e-06
1750	1970-01-01 00:00:01.750	0.01640433571615047	0.6131618983980065	-18.194531549780468	0.0022783799566868396	2.190815769391361e-05	2.6048084380608622e-06
1751	1970-01-01 00:00:01.751	0.01634882140959323	0.6110157770397368	-18.264196422525277	0.002270669635316247	2.0040721020757115e-05	2.275287168743438e-06
1752	1970-01-01 00:00:01.752	0.016307160626790832	0.6079627567096466	-18.334887958452722	0.002264883420487106	1.9667357579391115e-05	2.5875435138640117e-06
1753	1970-01-01 00:00:01.753	0.01626370249344145	0.6055492184951109	-18.405848392559026	0.0022588475611733843	2.015235072423444e-05	2.502065024827505e-06
1754	1970-01-01 00:00:01.754	0.01620464506377399	0.6030407558946239	-18.474391220646083	0.002250645139229944	1.841454162159137e-05	2.3476817728591383e-06
1755	1970-01-01 00:00:01.755	0.016161703650376388	0.6003060784562075	-18.544366728402437	0.0022446810695423585	1.9751543608895567e-05	2.4541310528809747e-06
1756	1970-01-01 00:00:01.756	0.01609616474955595	0.5979120670574304	-18.61076851391356	0.002235578437063351	1.7575548993136413e-05	2.011548027504635e-06
1757	1970-01-01 00:00:01.757	0.016045269486358246	0.5953606385883748	-18.67816647093713	0.0022285096532621593	1.645776552399063e-05	1.943844816882667e-06
1758	1970-01-01 00:00:01.758	0.015989553176317037	0.5927526819174181	-18.744652995965826	0.0022207712702895115	1.5206346056758424e-05	1.7855460092780346e-06
1759	1970-01-01 00:00:01.759	0.01593819272037015	0.5903056677067268	-18.81194984102503	0.0022136378880056947	1.528624127031083e-05	1.6713361185817506e-06
1760	1970-01-01 00:00:01.760	0.015884806067482476	0.5877440005227517	-18.878767667815136	0.002206223071403113	1.4087710520548888e-05	1.5280841399471323e-06
1761	1970-01-01 00:00:01.761	0.01582338479530082	0.5852446324670701	-18.943493469799453	0.002197692332028005	1.2746891257021479e-05	1.3064502496382632e-06
1762	1970-01-01 00:00:01.762	0.015769627935261217	0.5826921468999168	-19.008558330358206	0.0021902261081756516	1.2490205902272999e-05	1.1825008520240505e-06
1763	1970-01-01 00:00:01.763	0.015726045475312315	0.5800401836406901	-19.075946494943487	0.0021841729781082687	1.1796470118929209e-05	1.0703382469923378e-06
1764	1970-01-01 00:00:01.764	0.015679253107898194	0.5774168500298722	-19.142791155454656	0.00217767404660055	1.1014148202246385e-05	1.0569711450125694e-06
1765	1970-01-01 00:00:01.765	0.015632537338999282	0.5747956577687335	-19.209083891548957	0.0021711857456308352	1.0339646265767296e-05	1.0493527894798613e-06
1766	1970-01-01 00:00:01.766	0.015585780577986059	0.5721732403508772	-19.275109291035808	0.0021646917423696226	9.512018012716655e-06	1.0299292584822831e-06
1767	1970-01-01 00:00:01.767	0.015539352197179702	0.5695519370977462	-19.340755432083885	0.0021582433573580813	8.689060620489334e-06	1.0202656383477677e-06
1768	1970-01-01 00:00:01.768	0.0154930960461743	0.5669304918771908	-19.406135114227002	0.0021518188959265077	9.666731065276201e-06	1.0019793153968188e-06
1769	1970-01-01 00:00:01.769	0.015446615867588213	0.564319327707045	-19.471031137383292	0.0021453633175700254	8.843312721584818e-06	9.874079251339256e-07
1770	1970-01-01 00:00:01.770	0.015400682982882117	0.5616830758407186	-19.53575799441544	0.002138983747238072	7.809004271031929e-06	9.729785010152962e-07
1771	1970-01-01 00:00:01.771	0.015354694995131452	0.5590624073880234	-19.60009721762415	0.0021325965262901656	7.543990044092016e-06	9.558113311671392e-07
1772	1970-01-01 00:00:01.772	0.015309018956935464	0.5564309057582043	-19.664199048432355	0.002126252635232402	7.278247495062828e-06	9.396761595403595e-07
1773	1970-01-01 00:00:01.773	0.015263414811009174	0.5538121797431192	-19.727932535779814	0.002119918721345566	7.287885389930275e-06	9.285591293444769e-07
1774	1970-01-01 00:00:01.774	0.015218038667728888	0.5511710336683417	-19.791384252972176	0.0021136164864566736	6.176234096777791e-06	9.103282006887882e-07
1775	1970-01-01 00:00:01.775	0.01517292870456778	0.5485416924361494	-19.854594659872298	0.0021073512132858546	6.162099572121807e-06	8.927965281495855e-07
1776	1970-01-01 00:00:01.776	0.015127795196102614	0.5459032548840651	-19.917435633941786	0.0021010826666255553	5.0830917855476075e-06	8.740002415150019e-07
1777	1970-01-01 00:00:01.777	0.015082908098295876	0.5432754972215361	-19.97993537787108	0.0020948483474932085	4.8671664251407754e-06	8.591584983750563e-07
1778	1970-01-01 00:00:01.778	0.01503828931047289	0.5406254052735825	-20.04215245481555	0.0020886512855904926	3.906521714482979e-06	8.369576982915071e-07
1779	1970-01-01 00:00:01.779	0.014993380419719359	0.5380034770892834	-20.103960273190115	0.0020824139354277908	3.594380191543524e-06	8.236496468203736e-07
1780	1970-01-01 00:00:01.780	0.014949226239720906	0.5353583149389484	-20.165583275604288	0.002076281422252679	2.7282466815811114e-06	8.028541768989936e-07
1781	1970-01-01 00:00:01.781	0.014905084570322257	0.5327089127404446	-20.226891742443165	0.0020701506363977017	1.8284806598626029e-06	7.838035351163799e-07
1782	1970-01-01 00:00:01.782	0.01486091955764411	0.5300717676190476	-20.287863882205514	0.0020640166112781957	1.0288439440098999e-06	7.657114783468008e-07
1783	1970-01-01 00:00:01.783	0.01481720375926624	0.5274271851488881	-20.3485427176781	0.002057944972860912	3.779980201532854e-07	7.468339025459828e-07
1784	1970-01-01 00:00:01.784	0.014773579011847743	0.5247772510839426	-20.408886525081925	0.0020518859723972775	-2.746972634182003e-07	7.291868372118021e-07
1785	1970-01-01 00:00:01.785	0.014730162809102401	0.5221154090012642	-20.469003093552466	0.0020458559512010117	-1.1521255058305944e-06	7.089739602527165e-07
1786	1970-01-01 00:00:01.786	0.014687080073557388	0.5194584661128726	-20.528815667723524	0.002039872225491439	-2.3247378183335448e-06	6.884397052407019e-07
1787	1970-01-01 00:00:01.787	0.014643965858033329	0.5168152026968579	-20.588319486070475	0.0020338841408217784	-2.9151148080095407e-06	6.732524910899311e-07
1788	1970-01-01 00:00:01.788	0.01460124345756222	0.5141533615954053	-20.64747444160817	0.0020279504848755583	-3.3333010730542435e-06	6.540630587710518e-07
1789	1970-01-01 00:00:01.789	0.014558755271377368	0.5114904521633384	-20.70630988735279	0.0020220493454941118	-3.975510476498976e-06	6.357050232573055e-07
1790	1970-01-01 00:00:01.790	0.014516384148690293	0.5088381596302003	-20.764868414227017	0.0020161644667437083	-4.275515034937082e-06	6.190336531767858e-07
1791	1970-01-01 00:00:01.791	0.014474219645481502	0.5061717904086631	-20.82307353100425	0.0020103082828413048	-4.8816553190331304e-06	6.00202716600148e-07
1792	1970-01-01 00:00:01.792	0.014432229349709114	0.5035083982029736	-20.880971458306398	0.002004476299935359	-5.455275116276923e-06	5.870329588564724e-07
1793	1970-01-01 00:00:01.793	0.01439068470626378	0.5008372416418104	-20.938570402023082	0.0019987062064583064	-6.35460862567112e-06	5.692705849409882e-07
1794	1970-01-01 00:00:01.794	0.014349276001042074	0.4981648363292953	-20.995950035169987	0.001992954999478963	-6.46075688541089e-06	5.558786447767486e-07
1795	1970-01-01 00:00:01.795	0.014308075493472586	0.49550997411227155	-21.052961310704962	0.0019872327007832897	-6.579243471027937e-06	5.383764369646439e-07
1796	1970-01-01 00:00:01.796	0.014267214724481763	0.49282688579113093	-21.10964967987405	0.0019815576025977435	-7.151392706786933e-06	5.217111183784984e-07
1797	1970-01-01 00:00:01.797	0.014226526613561554	0.49015047445687954	-21.166071498354178	0.001975906476761027	-7.0555895867939434e-06	5.092406202057235e-07
1798	1970-01-01 00:00:01.798	0.014186057428684628	0.48748257320390914	-21.222154462493396	0.001970285752113048	-7.58204155507871e-06	4.952880520955699e-07
1799	1970-01-01 00:00:01.799	0.014145794242504643	0.48481015717697	-21.277951327938446	0.001964693633324489	-6.565180622960122e-06	4.872614019563874e-07
1800	1970-01-01 00:00:01.800	0.014105297396110815	0.4821540731885988	-21.333341574320727	0.001959069083644113	-6.990393262218966e-06	4.798201301743988e-07
1801	1970-01-01 00:00:01.801	0.014057923441716136	0.4796087227738802	-21.387579701834863	0.0019524893681867241	-3.663057547710469e-06	6.027089190778852e-07
1802	1970-01-01 00:00:01.802	0.014011196309199782	0.4769398242106696	-21.44112030620577	0.001945999491290147	-3.816575238762929e-06	7.153268443766152e-07
1803	1970-01-01 00:00:01.803	0.013971830244304144	0.47430153326928354	-21.495258332418334	0.0019405319784518255	-4.5068892475113915e-06	7.203383828109826e-07
1804	1970-01-01 00:00:01.804	0.013928549312733822	0.4716157508382985	-21.548820400443397	0.0019345207442150478	-4.692261268660108e-06	7.729113090438402e-07
1805	1970-01-01 00:00:01.805	0.013860963018410161	0.46920203516483516	-21.59934245754246	0.0019251337471100328	-9.357006323774797e-06	1.3816230598000137e-06
1806	1970-01-01 00:00:01.806	0.013809273973175657	0.4666022645947505	-21.65038545284107	0.0019179547166137871	-1.0420974558785693e-05	1.525182277164299e-06
1807	1970-01-01 00:00:01.807	0.013768534695298897	0.46389425430934417	-21.70284636535113	0.0019122964876668602	-1.0829600219117817e-05	1.5275074168012982e-06
1808	1970-01-01 00:00:01.808	0.013723770589879376	0.46153318683436306	-21.754868240659018	0.0019060792456604885	-9.944880056788762e-06	1.5459256342927965e-06
1809	1970-01-01 00:00:01.809	0.013684625458155611	0.4588867485071334	-21.80717741873805	0.0019006424306515664	-1.0627803605147817e-05	1.5398695950392058e-06
1810	1970-01-01 00:00:01.810	0.013641853893910209	0.45636680635649723	-21.858819232478886	0.0018947019222106977	-1.1669481509919989e-05	1.5238243055356798e-06
1811	1970-01-01 00:00:01.811	0.013600575408758033	0.4536659548946346	-21.910323767747723	0.001888968808249888	-1.1343077680605888e-05	1.5631584880619305e-06
1812	1970-01-01 00:00:01.812	0.013560146724733444	0.45114164222856284	-21.96147815137408	0.001883353713921009	-1.100975474168644e-05	1.5590560725595897e-06
1813	1970-01-01 00:00:01.813	0.013517080806794056	0.44854142681225356	-22.011742068547164	0.0018773723366696997	-1.0738099521565057e-05	1.515423032553461e-06
1814	1970-01-01 00:00:01.814	0.013481635400946998	0.4460600328241943	-22.06272908813197	0.001872449353749809	-1.351082799045517e-05	1.445324062462735e-06
1815	1970-01-01 00:00:01.815	0.013440374060773481	0.4432439158072437	-22.113266876918352	0.00186671861786372	-9.943463277271332e-06	1.6491345882996139e-06
1816	1970-01-01 00:00:01.816	0.013401581333539126	0.44050086561197715	-22.163031725574935	0.0018613307349899676	-1.0324441166931625e-05	1.6390825306289104e-06
1817	1970-01-01 00:00:01.817	0.013362163751747709	0.4378496377660401	-22.212541475842784	0.0018558560706851018	-1.1668487851235049e-05	1.6256426855091658e-06
1818	1970-01-01 00:00:01.818	0.013326985351762697	0.43528972941450533	-22.262205292747325	0.0018509701896257183	-1.0326501347159496e-05	1.6633434516695071e-06
1819	1970-01-01 00:00:01.819	0.01328190756163945	0.43295231873198853	-22.309871717899455	0.0018447093802433558	-1.2048832632590458e-05	1.6835784520457038e-06
1820	1970-01-01 00:00:01.820	0.013240094604749512	0.43040029111906314	-22.357576548471048	0.001838902030253741	-1.1150350325601822e-05	1.6814654892929019e-06
1821	1970-01-01 00:00:01.821	0.01320576010403121	0.4276812001788036	-22.406761586475945	0.0018341333402145646	-1.0027556195903772e-05	1.7221151276027803e-06
1822	1970-01-01 00:00:01.822	0.01317591145548221	0.4247794998228949	-22.45661799066173	0.0018299876987602642	-1.0351218509381743e-05	1.6815185380242135e-06
1823	1970-01-01 00:00:01.823	0.013142708809486415	0.4220145318674415	-22.506180515156274	0.001825376224438511	-8.019259159459713e-06	1.6666223937130347e-06
1824	1970-01-01 00:00:01.824	0.013104914454092297	0.41929401524360826	-22.55283626788873	0.001820127016562148	-7.294530752854157e-06	1.6923371129342977e-06
1825	1970-01-01 00:00:01.825	0.013065174562854826	0.4168023610867802	-22.598953761557176	0.0018146075745336578	-7.059383235962692e-06	1.7364158840483574e-06
1826	1970-01-01 00:00:01.826	0.01302938791467633	0.41386963070334376	-22.644865012353815	0.001809637214132762	-5.234934444602207e-06	1.7206829640784297e-06
1827	1970-01-01 00:00:01.827	0.01302465263515701	0.41060576133052773	-22.694026884104886	0.0018089795336678537	-2.6324473903334412e-05	1.8546559606607091e-06
1828	1970-01-01 00:00:01.828	0.012992787702833224	0.4084808418061816	-22.74213806181584	0.0018045538388602705	-2.8450332452517705e-05	1.9469092349198886e-06
1829	1970-01-01 00:00:01.829	0.012952994942806507	0.40628727717093605	-22.788019710004836	0.0017990270683099728	-2.5896215174274205e-05	2.0384600952669024e-06
1830	1970-01-01 00:00:01.830	0.012915131054067063	0.40405430534253167	-22.833312024707205	0.0017937682048772662	-2.5485411451253006e-05	2.0824216436610194e-06
1831	1970-01-01 00:00:01.831	0.01287511066976446	0.4016286880307643	-22.87780703733376	0.0017882098152539657	-2.2493996268232655e-05	2.134391535469363e-06
1832	1970-01-01 00:00:01.832	0.012838224290513518	0.3992424713325868	-22.92225160774276	0.0017830866989281713	-1.7739396293233083e-05	2.165775296986397e-06
1833	1970-01-01 00:00:01.833	0.012802346653858468	0.39660725818123593	-22.96639666826769	0.0017781037034902338	-1.3119212367412744e-05	2.188438233079282e-06
1834	1970-01-01 00:00:01.834	0.012766246195721585	0.3940052075670498	-23.010070316091955	0.0017730897503192848	-6.204164151604406e-06	2.1942987977093364e-06
1835	1970-01-01 00:00:01.835	0.012735511960721185	0.39116031231487447	-23.054002079845464	0.001768821103992273	-1.174112564536381e-06	2.1735492510204335e-06
1836	1970-01-01 00:00:01.836	0.012710261885505076	0.38748129905142287	-23.09782045265435	0.0017653141541021803	4.44812143733067e-06	2.0995078940670312e-06
1837	1970-01-01 00:00:01.837	0.012686412650704703	0.3841201581422992	-23.13950120563763	0.0017620017622686365	-3.3541095083722193e-06	2.0852470365327497e-06
1838	1970-01-01 00:00:01.838	0.01265957352139083	0.38146377823419125	-23.18156169592637	0.001758274089824442	-3.177729264302028e-06	2.097334044308482e-06
1839	1970-01-01 00:00:01.839	0.012634073396194068	0.37867903396194064	-23.22377566775244	0.0017547324141950968	-2.994554237064975e-06	2.144852526329905e-06
1840	1970-01-01 00:00:01.840	0.012608823137794597	0.37581340682952	-23.265465919490794	0.0017512254472733528	-4.455891286599002e-06	2.1676198443612864e-06
1841	1970-01-01 00:00:01.841	0.012585196567628262	0.37296573826222146	-23.306551224736573	0.0017479439683883227	-3.6354233326097776e-06	2.1992781498026845e-06
1842	1970-01-01 00:00:01.842	0.012558621252167881	0.37026297025667704	-23.347297958723555	0.0017442529608047174	-3.324442611892126e-06	2.2197456512217653e-06
1843	1970-01-01 00:00:01.843	0.012538338208384067	0.36737897091668115	-23.387515247869196	0.0017414358671073232	-2.4530358620525308e-06	2.256068814026827e-06
1844	1970-01-01 00:00:01.844	0.012516074423110491	0.36460461223599233	-23.426970513178567	0.0017383436737650549	-2.7641337085634487e-06	2.2856520131465175e-06
1845	1970-01-01 00:00:01.845	0.012497934701257861	0.3616270452830189	-23.46544306778477	0.0017358242592592592	-2.7236891937456325e-06	2.302571897927611e-06
1846	1970-01-01 00:00:01.846	0.012484813140206547	0.3586789002625591	-23.5031384946613	0.0017340018275862068	-2.1409817222300024e-06	2.3273257520732696e-06
1847	1970-01-01 00:00:01.847	0.012475513373029773	0.35619027600700526	-23.538933654991244	0.0017327101903677757	-3.370796615639229e-06	2.3282030034143503e-06
1848	1970-01-01 00:00:01.848	0.012477874498683055	0.35262496282704126	-23.57201058121159	0.0017330381278314309	-4.420324615908692e-06	2.3390975846138243e-06
1849	1970-01-01 00:00:01.849	0.012823640623215185	0.34538614045019317	-23.547340052074585	0.0017810611998992107	-7.67917821634806e-06	1.9666637314941874e-06
1850	1970-01-01 00:00:01.850	0.012998571934040437	0.3424179074080212	-23.36399134736493	0.0018053572172688102	-1.0112834975074578e-05	1.6726282122350456e-06
1851	1970-01-01 00:00:01.851	0.012959132491964134	0.33929682393841987	-23.33206264253087	0.001799879525630181	-1.545806027598376e-05	1.7113211385632427e-06
1852	1970-01-01 00:00:01.852	0.012941490403172506	0.33719910044613355	-23.360600576668872	0.0017974292184401851	-3.107525382180932e-05	1.9334201162244685e-06
1853	1970-01-01 00:00:01.853	0.012897102265978051	0.33516617040025826	-23.40235507585539	0.0017912642073918657	-2.856274315938347e-05	2.0728002076172277e-06
1854	1970-01-01 00:00:01.854	0.012846345774397151	0.332694162712413	-23.445642236607867	0.0017842146929923936	-2.7763352572131414e-05	2.0785438204906517e-06
1855	1970-01-01 00:00:01.855	0.012811335894222946	0.33009119772172496	-23.491635218877136	0.0017793522135069162	-3.263701414658584e-05	2.0266480103804034e-06
1856	1970-01-01 00:00:01.856	0.012751585143654572	0.3277844531439829	-23.534612282055495	0.0017710534902314892	-1.6825539777179445e-05	2.0763128702066843e-06
1857	1970-01-01 00:00:01.857	0.012709127450132978	0.3248411826130319	-23.578304890292554	0.0017651566005651596	-1.6089518520621674e-05	2.038563518539525e-06
1858	1970-01-01 00:00:01.858	0.012674701409802931	0.32185564409634493	-23.623565967660436	0.0017603751888159004	-1.2482638106853628e-05	2.0286897986920685e-06
1859	1970-01-01 00:00:01.859	0.012625723388157893	0.3189447929362881	-23.665011327908587	0.001753572689231302	-3.371868556232687e-06	1.9675674896520114e-06
1860	1970-01-01 00:00:01.860	0.012592151283170391	0.315820753299581	-23.705506358240225	0.0017489099097416202	-5.735851901267459e-06	2.0252087274213926e-06
1861	1970-01-01 00:00:01.861	0.012555216828541374	0.3132149969319776	-23.74721992636746	0.0017437801107994392	-5.354379213634292e-06	2.0661993000106313e-06
1862	1970-01-01 00:00:01.862	0.01252022027812005	0.3102744744411195	-23.78898852314733	0.001738919489702517	-3.873357711033093e-06	2.1032946508920774e-06
1863	1970-01-01 00:00:01.863	0.012485195271372826	0.3074979353671515	-23.830456736431355	0.0017340549003192621	-4.754175242603761e-06	2.144876175072518e-06
1864	1970-01-01 00:00:01.864	0.012452907550729798	0.30480481879672483	-23.87187429512282	0.001729570498754005	-3.888494070028658e-06	2.183931033480842e-06
1865	1970-01-01 00:00:01.865	0.012420315492957747	0.30186212096630416	-23.912732697450526	0.0017250438252807987	-3.846233519308255e-06	2.2195254332076954e-06
1866	1970-01-01 00:00:01.866	0.01238885863807644	0.29917894487708596	-23.95334675937556	0.001720674804773013	-5.211064994419523e-06	2.248109232439803e-06
1867	1970-01-01 00:00:01.867	0.01235802842029507	0.2965241688197193	-23.99349429471033	0.0017163928353724361	-2.8510629554821884e-06	2.2919095319838935e-06
1868	1970-01-01 00:00:01.868	0.01232712978296256	0.29362013653463553	-24.033244282872133	0.0017121013510580576	-3.2951023921866516e-06	2.3262394673851827e-06
1869	1970-01-01 00:00:01.869	0.012296031446939516	0.29087873451647955	-24.072314980079682	0.0017077821336472293	-4.555510099329953e-06	2.358550951467138e-06
1870	1970-01-01 00:00:01.870	0.012268457272232304	0.28815421272232306	-24.11107909800363	0.0017039524047186931	-2.348122237604356e-06	2.394271732641721e-06
1871	1970-01-01 00:00:01.871	0.012244263703568826	0.28525243128186456	-24.1499842789512	0.0017005921819009467	-3.1730485183721778e-06	2.42574041653913e-06
1872	1970-01-01 00:00:01.872	0.012219780426695841	0.28254508181983956	-24.188304316192557	0.0016971917323121808	-4.256828245939096e-06	2.4607796600758786e-06
1873	1970-01-01 00:00:01.873	0.012191657523390204	0.2795418797468354	-24.22566370757659	0.0016932857712346357	-1.7395558994863325e-06	2.487538088545428e-06
1874	1970-01-01 00:00:01.874	0.012166314726605504	0.27693462577981653	-24.26254507889908	0.0016897659458715597	-3.370629038770642e-06	2.5199374291423387e-06
1875	1970-01-01 00:00:01.875	0.0121425891171602	0.2739386077248483	-24.299390732021333	0.001686470719146588	3.567353548832079e-07	2.5590905667183895e-06
1876	1970-01-01 00:00:01.876	0.012126590279103929	0.2709882880646346	-24.336082991186192	0.0016842486509364672	-2.380988563092177e-06	2.585784805035298e-06
1877	1970-01-01 00:00:01.877	0.012107202752259731	0.2683171646928611	-24.37216961077292	0.0016815559409703005	-3.5722084850562634e-06	2.6152137758175275e-06
1878	1970-01-01 00:00:01.878	0.012087700591160221	0.26515333099447513	-24.40752280110497	0.0016788473071823204	-2.9563795691528552e-06	2.6387230720657574e-06
1879	1970-01-01 00:00:01.879	0.01206938803722816	0.262327149576115	-24.442335680058974	0.0016763038953188352	-1.4200534094213047e-06	2.6772280677181127e-06
1880	1970-01-01 00:00:01.880	0.012056038765155755	0.2592330963066592	-24.47711498974072	0.001674449824473046	-2.1999428730274205e-06	2.7163445617600764e-06
1881	1970-01-01 00:00:01.881	0.012043605949741314	0.2564741331116039	-24.51118030857354	0.0016727230447154471	-1.8234756809682187e-06	2.732763407460119e-06
1882	1970-01-01 00:00:01.882	0.012027357473197782	0.25328194940850274	-24.544390234750463	0.0016704663182994456	-3.6371855988040674e-06	2.7407175837689317e-06
1883	1970-01-01 00:00:01.883	0.012017876012156935	0.2502392296739731	-24.577324409651872	0.0016691494470436545	-1.3454284677288643e-06	2.778524838068185e-06
1884	1970-01-01 00:00:01.884	0.01200774124815362	0.2474944140140325	-24.610041510339737	0.001667741834379616	-3.4305355528988187e-06	2.786343466858802e-06
1885	1970-01-01 00:00:01.885	0.01200045508371665	0.24436896329346824	-24.642187008279667	0.0016667298747010117	-2.3052713331370743e-06	2.8021962396685322e-06
1886	1970-01-01 00:00:01.886	0.011992536227356748	0.24136934000000002	-24.673539608133087	0.001665630031792976	3.8604368892051773e-07	2.8373438506742373e-06
1887	1970-01-01 00:00:01.887	0.011986655484943655	0.23829885882135599	-24.704516918529464	0.001664813261777203	-3.844307025970811e-06	2.8427531245599154e-06
1888	1970-01-01 00:00:01.888	0.011982950304323623	0.2352765511597699	-24.734938827240672	0.0016642986535535351	-1.0352010293375391e-06	2.8653298692604056e-06
1889	1970-01-01 00:00:01.889	0.01198017315390307	0.2322580524972253	-24.7650260654828	0.0016639129369219385	1.8270974161838707e-06	2.8746793056699814e-06
1890	1970-01-01 00:00:01.890	0.01198357335181079	0.22917169345898006	-24.794283263118995	0.0016643851901330378	-4.099096571448632e-06	2.8787029271717933e-06
1891	1970-01-01 00:00:01.891	0.011994807743371038	0.22606160513628776	-24.823298221768958	0.0016659455221583535	-3.069656516966438e-07	2.895102841009693e-06
1892	1970-01-01 00:00:01.892	0.011976738986058302	0.22310751039290241	-24.84999217816404	0.001663435967409017	-4.7915320585732395e-06	2.88039155083699e-06
1893	1970-01-01 00:00:01.893	0.011995518205409356	0.22029065413011698	-24.87850302997076	0.0016660442063230994	5.320128300456871e-07	2.8749639432412703e-06
1894	1970-01-01 00:00:01.894	0.012040398393184316	0.21696634993220962	-24.905843614877245	0.0016722775628435324	-3.404807791808355e-06	2.839067659607733e-06
1895	1970-01-01 00:00:01.895	0.022341113480611484	0.09804856914132179	-24.95840219798658	0.0031029324180648766	2.3774863951544555e-05	5.899010639515583e-07
1896	1970-01-01 00:00:01.896	0.02495102181230026	0.10486374501909736	-24.605762275313744	0.0034654196823602776	2.715224391760854e-05	3.422311990035067e-07
1897	1970-01-01 00:00:01.897	0.024747292285669343	0.10403214967516124	-24.477706975774737	0.003437123923784804	2.6881132778039956e-05	3.468314447970912e-07
1898	1970-01-01 00:00:01.898	0.024509221056981643	0.10304104006596201	-24.474509808471748	0.0034040584743701818	2.6820686013669235e-05	3.519774585361453e-07
1899	1970-01-01 00:00:01.899	0.024267595018067935	0.10204100733718782	-24.501618878984985	0.0033704992950293103	2.693902079498916e-05	3.577204770994953e-07
1900	1970-01-01 00:00:01.900	0.02402572034323272	0.10103733817835117	-24.535838924050633	0.003336905606945797	2.727957452775073e-05	3.637604965259128e-07
1901	1970-01-01 00:00:01.901	0.02378387408084618	0.1000347969678583	-24.571528533945557	0.0033033158276484093	2.744278237290915e-05	3.699982802024426e-07
1902	1970-01-01 00:00:01.902	0.023542104984253274	0.09903406104011271	-24.60732046908669	0.003269736797778883	2.771442046742914e-05	3.76840678973727e-07
1903	1970-01-01 00:00:01.903	0.023300434192845772	0.09802993508838066	-24.642877206165704	0.003236171421546452	2.7871680034346988e-05	3.838582354445314e-07
1904	1970-01-01 00:00:01.904	0.023058846761791853	0.09702578665424676	-24.67812054958083	0.00320261760809552	2.8311242411719875e-05	3.915520844971677e-07
1905	1970-01-01 00:00:01.905	0.022817369050351085	0.09602115226579892	-24.71304348604213	0.003169079035622538	2.846168231203973e-05	3.996539820778628e-07
1906	1970-01-01 00:00:01.906	0.022576163691548322	0.09501494404139245	-24.747678010045032	0.0031355782946830618	2.874723346640111e-05	4.080985944236014e-07
1907	1970-01-01 00:00:01.907	0.022335452429710082	0.09399899688534641	-24.782099223964266	0.003102146180169922	2.8791967430848734e-05	4.1700971148184836e-07
1908	1970-01-01 00:00:01.908	0.02209220813601346	0.09297291024617019	-24.815516190560523	0.0030683622530771277	2.980173453174533e-05	4.2707784741296896e-07
1909	1970-01-01 00:00:01.909	0.021850755302867383	0.09196853727867382	-24.848719410394263	0.003034827141397849	3.0051926923471864e-05	4.377820162907106e-07
1910	1970-01-01 00:00:01.910	0.021606232289855073	0.09094871606884058	-24.880991355072464	0.0030008655950181156	3.1573478717572464e-05	4.492405266462888e-07
1911	1970-01-01 00:00:01.911	0.021360808264455234	0.08994576332814075	-24.912037482818654	0.0029667789283423437	3.233665243617704e-05	4.6210655933130255e-07
1912	1970-01-01 00:00:01.912	0.021119600404340164	0.08897216545581008	-24.943993408142443	0.002933277835203561	3.324665520015589e-05	4.7677999520507694e-07
1913	1970-01-01 00:00:01.913	0.02088994693802817	0.08794113059624413	-24.97891558591549	0.0029013815073239435	3.1172839969859156e-05	4.89246170643646e-07
1914	1970-01-01 00:00:01.914	0.020652008599466462	0.08692155463795731	-25.012277730564026	0.0028683345572599085	3.0483224320217223e-05	5.038825710441891e-07
1915	1970-01-01 00:00:01.915	0.020420387119118928	0.08583341126171384	-25.046471791131292	0.00283616488030142	2.8909876670856925e-05	5.173153612758391e-07
1916	1970-01-01 00:00:01.916	0.020188661247183305	0.08475344207112766	-25.080647627118644	0.002803980728617615	2.813382698918875e-05	5.343805903046631e-07
1917	1970-01-01 00:00:01.917	0.019951239161163134	0.08372089027008378	-25.113205491375062	0.0027710054399211433	2.8291003327731778e-05	5.539427166585625e-07
1918	1970-01-01 00:00:01.918	0.01970703060877176	0.08276268906155791	-25.143041626957114	0.002737087579500146	3.081976036149052e-05	5.733560052474257e-07
1919	1970-01-01 00:00:01.919	0.019453479438830572	0.08182247769645835	-25.169145022073973	0.002701872139115079	3.3862798794468364e-05	5.961228730628624e-07
1920	1970-01-01 00:00:01.920	0.01921074107675482	0.08080486002883278	-25.196880395704913	0.0026681584860807316	3.4327220607576056e-05	6.226085043011821e-07
1921	1970-01-01 00:00:01.921	0.01897007008364406	0.07979457335382445	-25.22546238839061	0.002634731949208909	3.465018384913837e-05	6.510663606811886e-07
1922	1970-01-01 00:00:01.922	0.018742627531406392	0.07858812843836176	-25.256718422020224	0.0026031427098355633	2.912488928509856e-05	6.83472455855747e-07
1923	1970-01-01 00:00:01.923	0.01852308830089589	0.07743142997116671	-25.291436886005563	0.002572651155390794	2.5243847356801566e-05	7.223492376941745e-07
1924	1970-01-01 00:00:01.924	0.01828386950470733	0.07650541513303315	-25.32119492836676	0.0025394263356528857	3.071983182267704e-05	7.607473973006324e-07
1925	1970-01-01 00:00:01.925	0.018044496566390043	0.07553247662551868	-25.349384613070537	0.0025061800875518674	3.389185521951245e-05	8.042374302832227e-07
1926	1970-01-01 00:00:01.926	0.017801035180900295	0.07451520959087085	-25.375678044804378	0.002472365986642827	3.284402714432057e-05	8.503709421683556e-07
1927	1970-01-01 00:00:01.927	0.017565276591054994	0.0733731144136529	-25.402723079392253	0.002439621751551466	2.9214641201455167e-05	9.068081955299223e-07
1928	1970-01-01 00:00:01.928	0.017341859481361428	0.07227838881253376	-25.43352930199892	0.0024085915901674772	2.6115430287031876e-05	9.621753111672443e-07
1929	1970-01-01 00:00:01.929	0.017107442311612275	0.07122973339802667	-25.4613963439228	0.0023760336445841916	2.8707851233823048e-05	1.0267281440044078e-06
1930	1970-01-01 00:00:01.930	0.01687311788311688	0.07019969182251082	-25.48901802380952	0.00234348859512987	3.070647410587067e-05	1.0985442459481698e-06
1931	1970-01-01 00:00:01.931	0.016645554015908847	0.06910525841126518	-25.516835184349137	0.0023118824959690422	3.0220195925185423e-05	1.1650292073862104e-06
1932	1970-01-01 00:00:01.932	0.016413512315605165	0.0680277493926461	-25.543925925804334	0.00227965448708689	2.739786828299409e-05	1.2063161865987352e-06
1933	1970-01-01 00:00:01.933	0.016183499106724657	0.06690124023642244	-25.570648027210883	0.002247708193821791	2.4480875461135273e-05	1.2255960401498287e-06
1934	1970-01-01 00:00:01.934	0.015954694578313253	0.06575053084564675	-25.597368437144805	0.002215929777335758	1.9054080800115938e-05	1.2336329069236632e-06
1935	1970-01-01 00:00:01.935	0.01572437380698295	0.06457531584618954	-25.62309277694003	0.0021839407964273287	1.5984706172845377e-05	1.1997776478330027e-06
1936	1970-01-01 00:00:01.936	0.015492477067490495	0.06348800294914449	-25.648545428944868	0.002151732927637833	8.570249871687263e-06	1.1162304488638083e-06
1937	1970-01-01 00:00:01.937	0.015246704193974312	0.06250632906133717	-25.670398775657187	0.0021175978027847798	6.211907266864242e-06	1.029931036144183e-06
1938	1970-01-01 00:00:01.938	0.015010766253059226	0.061360840427068034	-25.692894900881058	0.0020848286536955456	1.8943465141703379e-06	9.200523774455862e-07
1939	1970-01-01 00:00:01.939	0.014763583157043304	0.060408394780985565	-25.713361062717773	0.002050497661149826	-1.786510598680936e-06	8.084124812357156e-07
1940	1970-01-01 00:00:01.940	0.014519873532691333	0.05939536814622402	-25.73352738849468	0.0020166491031424227	-2.970529094234288e-06	6.861134939912181e-07
1941	1970-01-01 00:00:01.941	0.014273391782076079	0.05839461124177949	-25.75298183623469	0.0019824155080593164	-6.872630325016119e-06	5.852201108062434e-07
1942	1970-01-01 00:00:01.942	0.01402760236554898	0.05725778434319526	-25.77189941617357	0.001948278100591716	-1.5148752113249178e-05	4.852777541753154e-07
1943	1970-01-01 00:00:01.943	0.013783085035313667	0.05623154016756682	-25.790752179753497	0.0019143173658773022	-1.649507868345243e-05	4.103217661765064e-07
1944	1970-01-01 00:00:01.944	0.013536788930481283	0.05524332452434562	-25.80916652969322	0.0018801095637489447	-1.3417521163813679e-05	3.353232723971401e-07
1945	1970-01-01 00:00:01.945	0.013290907711050595	0.05427740229611581	-25.827241770101764	0.0018459594050451483	-1.302166180398452e-05	2.76603202161824e-07
1946	1970-01-01 00:00:01.946	0.01304706269426289	0.05331898492519971	-25.845154665214235	0.001812092040522876	-7.785314406875817e-06	2.2167100915207628e-07
1947	1970-01-01 00:00:01.947	0.012809564035372143	0.052342626623434044	-25.864001459100958	0.0017791061186440676	-7.671710676082536e-06	1.799417017663597e-07
1948	1970-01-01 00:00:01.948	0.012564013800993527	0.051247920264940544	-25.88113135029354	0.0017450019169050128	-8.187118086927592e-06	1.4221747589980846e-07
1949	1970-01-01 00:00:01.949	0.012336209295946358	0.050094279580920456	-25.900492319414813	0.0017133624015544043	-6.8629437379152705e-06	1.0756331831431798e-07
1950	1970-01-01 00:00:01.950	0.01211379217787555	0.04897995329666876	-25.92094988214959	0.0016824711282212444	-4.79888829279384e-06	8.257689076392688e-08
1951	1970-01-01 00:00:01.951	0.011879238761422977	0.04794055909432114	-25.939679009464754	0.0016498942831266318	-3.977042024056789e-06	6.503678897695005e-08
1952	1970-01-01 00:00:01.952	0.011653468604651163	0.04673413313702526	-25.958296886397857	0.0016185373158775305	-2.6485052840337964e-06	4.8479843081677495e-08
1953	1970-01-01 00:00:01.953	0.011437778439788793	0.0455948819247147	-25.978730151592572	0.0015885803287344574	-2.309753811417135e-06	3.6068092499347745e-08
1954	1970-01-01 00:00:01.954	0.011197632091942149	0.0445305851584022	-25.995088500344355	0.0015552266814738292	-2.253557421919766e-06	2.722822799324098e-08
1955	1970-01-01 00:00:01.955	0.01097247278625285	0.04340242140277047	-26.012461725407682	0.0015239545356829738	-2.1447026504173243e-06	2.0080622367054973e-08
1956	1970-01-01 00:00:01.956	0.010751745284510011	0.042209371840533895	-26.030053526519144	0.0014932979474885845	-1.6757188808113805e-06	1.4194976529328132e-08
1957	1970-01-01 00:00:01.957	0.010537593694158076	0.040969909773195874	-26.048127147766323	0.0014635546862542957	-7.998995322646048e-07	9.45264228122444e-09
1958	1970-01-01 00:00:01.958	0.010314180446233853	0.03987578568193256	-26.065023675557793	0.0014325250647542359	-3.5294563749874184e-07	6.614469617878997e-09
1959	1970-01-01 00:00:01.959	0.010097184737475602	0.03860954099707222	-26.0813494567339	0.0014023867691932337	-2.7592205038207538e-08	4.564308636184481e-09
1960	1970-01-01 00:00:01.960	0.00988719387891892	0.03727890596447876	-26.098447993822393	0.0013732213740540542	-2.7395013275559843e-07	3.2102879655243167e-09
1961	1970-01-01 00:00:01.961	0.009679750840694602	0.035965740095633573	-26.114069627532402	0.0013444098344029193	-7.92025638596639e-07	2.247154656003638e-09
1962	1970-01-01 00:00:01.962	0.009449215205996758	0.03509247482820097	-26.127942017828204	0.001312390997082658	-1.5115743874055105e-06	2.8366327931224345e-09
1963	1970-01-01 00:00:01.963	0.009216933917161895	0.03409102270664506	-26.14048340356564	0.0012801297133081216	-1.7728595676337115e-06	3.2176653380601035e-09
1964	1970-01-01 00:00:01.964	0.008988827570163354	0.03303263041330447	-26.15253585121039	0.001248448275929935	-1.775919755522535e-06	3.697523664560188e-09
1965	1970-01-01 00:00:01.965	0.008786246976093917	0.03169870198292423	-26.16597370117396	0.00122031208601921	-1.8685485214512273e-06	4.2699136640954555e-09
1966	1970-01-01 00:00:01.966	0.008572690466184701	0.030540132052238805	-26.178752952425373	0.0011906514503264925	-1.3522536620538713e-06	4.81901275531596e-09
1967	1970-01-01 00:00:01.967	0.008394367206569156	0.028963500577367206	-26.19281493456505	0.0011658843376956634	-1.8834383857788043e-06	5.500640398659612e-09
1968	1970-01-01 00:00:01.968	0.008246616592783505	0.027113926033791525	-26.20863837342497	0.0011453634169530354	-2.511004350138316e-06	6.212765488538377e-09
1969	1970-01-01 00:00:01.969	0.008117940212426806	0.02529676012036435	-26.22421381912817	0.0011274916893298634	-2.7876702637573197e-06	6.965813734791846e-09
1970	1970-01-01 00:00:01.970	0.008422036283606557	0.014704658394832785	-26.242411967213116	0.0011697272737704917	-8.30063291832882e-07	3.362611613485006e-09
1971	1970-01-01 00:00:01.971	0.008894169714285714	0.012885667857142858	-26.28567	0.001235301357142857	-4.325367028571428e-12	2.836894658326766e-22
1972	1970-01-01 00:00:01.972	0.008578066692307693	0.01256944846153846	-26.292508461538464	0.0011913980769230768	-1.1967645461538463e-13	2.502426808349913e-25
1973	1970-01-01 00:00:01.973	0.0082779625	0.01226933875	-26.2940425	0.001149717	-1.6605665e-14	5.736772137232601e-27
1974	1970-01-01 00:00:01.974	0.0079462266	0.011937604	-26.294492	0.0011036426	3.3465322e-15	8.169470414160165e-28
1975	1970-01-01 00:00:01.975	0.007626274333333333	0.01161765	-26.294586666666664	0.001059205	-2.3800997e-14	6.162651744040959e-27
1976	1970-01-01 00:00:01.976	0.0072709	0.011262275	-26.29462	0.0010098474	4.7356145000000004e-15	2.973916150269557e-28
1977	1970-01-01 00:00:01.977	0.0069866005000000005	0.010977975000000001	-26.29463	0.0009703612	1.2272700000000001e-14	1.286351683412609e-27
1978	1970-01-01 00:00:01.978	0.006773376	0.01076475	-26.29463	0.0009407466	9.733257e-15	8.087637233360544e-28
1979	1970-01-01 00:00:01.979						
1980	1970-01-01 00:00:01.980						
1981	1970-01-01 00:00:01.981						
1982	1970-01-01 00:00:01.982						
1983	1970-01-01 00:00:01.983	0.00513657	0.009127948	-26.29463	0.0007134125	1.058744e-13	9.569455026784832e-26
1984	1970-01-01 00:00:01.984						
1985	1970-01-01 00:00:01.985						
1986	1970-01-01 00:00:01.986						
1987	1970-01-01 00:00:01.987						
1988	1970-01-01 00:00:01.988						
1989	1970-01-01 00:00:01.989						
1990	1970-01-01 00:00:01.990						
1991	1970-01-01 00:00:01.991						
1992	1970-01-01 00:00:01.992						
1993	1970-01-01 00:00:01.993	0.001817582	0.005808961	-26.29463	0.000252442	-1.094862e-14	1.0233496535438628e-27
1994	1970-01-01 00:00:01.994						
1995	1970-01-01 00:00:01.995						
1996	1970-01-01 00:00:01.996						
1997	1970-01-01 00:00:01.997						
1998	1970-01-01 00:00:01.998						
1999	1970-01-01 00:00:01.999	-0.0003313329	0.003660046	-26.29463	-4.601846e-05	6.355431e-14	3.448222627822117e-26
2000	1970-01-01 00:00:02.000	-0.0003339566	0.003657423	-26.29463	-4.638286e-05	2.290617e-12	4.4793009316762e-23
